borrower_id,visit_date,business_health_score,income_change
4803,2024-10-30,0.8,0.17
3500,2024-12-17,0.12,-0.43
3185,2025-03-23,0.81,-0.44
4930,2025-07-31,0.94,0.15
4305,2025-05-25,0.19,-0.4
2448,2025-03-29,0.34,-0.28
969,2024-10-30,0.08,0.01
3718,2025-09-16,0.16,-0.18
3164,2025-03-06,0.47,-0.3
1931,2025-07-09,0.45,0.11
195,2025-06-27,0.37,-0.0
918,2024-12-29,0.19,-0.11
2798,2025-06-26,0.22,-0.03
2452,2025-03-15,0.41,0.32
2757,2024-11-01,0.47,-0.36
2851,2025-08-18,0.16,0.41
3802,2025-02-16,0.48,-0.25
2289,2024-12-04,0.96,0.28
641,2025-01-28,0.75,0.23
3572,2025-03-23,0.79,-0.42
681,2025-09-09,0.71,0.4
3493,2025-01-11,0.56,-0.5
3551,2025-03-10,0.13,-0.26
1187,2025-09-25,0.68,0.24
548,2025-04-11,0.19,0.3
567,2025-01-22,0.71,-0.21
1386,2025-03-02,0.55,-0.41
971,2025-04-07,0.26,-0.47
4779,2025-02-07,0.9,0.03
2158,2025-03-21,0.03,0.32
3795,2025-09-29,0.77,0.24
2164,2024-11-04,0.31,0.23
641,2024-12-28,0.65,0.36
1683,2025-04-10,0.41,-0.34
2991,2025-02-19,0.94,0.07
2130,2025-09-23,0.44,-0.43
700,2025-07-27,0.94,0.36
4458,2024-11-21,0.91,-0.44
1337,2024-11-18,0.88,0.31
2478,2025-10-05,0.45,-0.22
2006,2025-09-11,0.52,0.17
1861,2025-06-15,0.18,0.38
1096,2024-12-26,0.64,0.38
2707,2024-11-19,0.89,-0.29
4300,2025-01-07,0.31,0.32
2112,2025-04-19,0.03,-0.37
2474,2025-03-07,0.95,0.4
1922,2025-01-12,0.78,0.13
4581,2025-03-15,0.46,-0.13
3467,2024-12-27,0.61,0.33
4315,2024-12-14,0.34,-0.28
1798,2025-05-02,0.11,-0.0
2998,2025-06-06,0.36,0.11
980,2025-03-16,0.28,-0.33
3001,2025-04-14,0.11,-0.17
2174,2025-02-02,0.32,0.15
1802,2025-08-14,0.28,-0.42
4687,2025-09-12,0.63,-0.38
3520,2025-08-23,0.06,0.35
2439,2025-07-28,0.12,-0.08
3889,2025-10-06,0.41,-0.28
2315,2025-02-08,0.79,0.35
199,2025-05-05,0.4,0.43
82,2025-03-02,0.86,0.42
3717,2025-05-03,0.58,-0.1
2561,2025-04-17,0.79,-0.46
1832,2025-08-03,0.22,0.25
1835,2025-09-21,0.2,0.46
2640,2025-08-08,0.95,-0.36
2381,2024-10-17,0.33,0.41
3598,2025-04-26,0.87,0.14
4379,2025-02-11,0.72,0.17
4361,2025-03-29,0.93,0.11
2914,2025-06-22,0.29,-0.5
443,2024-11-30,0.81,0.42
846,2025-06-16,0.81,-0.15
4362,2025-07-07,0.63,0.18
4473,2025-05-28,0.37,0.2
3344,2025-01-06,0.69,0.26
127,2025-04-08,0.14,0.35
1777,2025-01-02,0.91,0.49
2194,2025-10-16,0.51,-0.1
1006,2025-08-03,0.71,-0.43
693,2025-05-23,0.39,-0.13
1246,2025-08-17,0.68,0.16
2466,2025-06-04,0.26,-0.14
3328,2024-11-21,0.38,-0.14
4862,2025-01-31,0.66,0.38
435,2025-09-07,0.1,-0.47
2973,2025-09-30,0.4,-0.34
4476,2025-09-07,0.29,-0.36
972,2025-03-07,0.64,0.2
270,2025-05-23,0.62,0.39
2537,2025-05-09,0.96,-0.07
3469,2025-06-05,0.29,-0.22
1873,2024-10-21,0.59,-0.33
2675,2025-06-29,0.49,0.38
3267,2025-06-23,0.57,-0.09
718,2025-08-07,0.23,-0.46
4397,2025-04-23,0.34,0.13
3596,2024-12-29,0.35,0.07
2944,2024-11-23,0.97,0.42
191,2025-07-20,0.62,-0.42
1960,2025-05-29,0.62,0.01
3251,2025-02-01,0.41,0.45
141,2025-07-06,0.23,-0.41
575,2024-11-23,0.82,0.38
3163,2025-04-12,0.24,0.12
2867,2025-06-30,0.05,-0.3
329,2024-12-12,0.35,0.37
4480,2025-09-08,0.4,0.14
2799,2025-06-24,0.11,-0.07
3323,2025-05-14,0.88,-0.39
2002,2025-08-08,0.61,-0.3
1538,2025-06-05,0.56,-0.12
4886,2025-06-28,0.92,0.33
3381,2025-08-01,0.98,0.4
4649,2024-12-02,0.5,0.3
4894,2025-01-03,0.47,0.37
4609,2025-07-13,0.41,-0.13
1915,2024-11-25,0.12,-0.38
775,2025-08-16,0.65,-0.13
155,2025-06-04,0.49,0.07
1615,2025-01-06,0.77,-0.13
2338,2025-04-14,0.63,-0.39
116,2025-09-16,0.79,0.4
427,2025-07-29,0.6,0.38
2457,2025-02-05,0.03,-0.15
2942,2025-03-03,0.31,0.14
1254,2025-01-05,0.25,0.17
2784,2025-02-23,0.16,-0.46
2184,2024-12-12,0.15,-0.2
685,2025-10-17,0.58,0.3
2841,2025-01-24,0.35,0.15
255,2024-11-07,0.8,-0.45
807,2024-12-21,0.33,0.23
4724,2025-03-25,0.59,-0.28
3095,2025-01-24,0.82,-0.2
969,2025-01-12,0.55,0.29
4344,2024-11-07,0.17,-0.05
1445,2025-02-05,0.71,0.46
3651,2025-08-05,0.49,-0.43
45,2025-10-05,0.45,-0.47
2563,2025-04-21,0.09,-0.22
2695,2024-12-27,0.25,-0.03
3379,2025-08-26,0.45,-0.12
780,2025-08-24,0.13,-0.0
2369,2025-04-08,0.5,0.06
3883,2025-01-15,0.08,0.46
4805,2025-08-13,0.1,0.07
471,2024-12-19,0.66,0.48
4200,2025-09-10,0.47,-0.0
169,2024-12-31,0.99,-0.01
3267,2025-09-21,0.69,0.18
3065,2025-06-21,0.28,-0.05
3232,2025-04-11,0.46,0.49
3455,2024-11-08,0.55,-0.06
4447,2024-12-30,0.2,-0.35
623,2025-03-03,0.95,0.41
355,2025-05-13,0.78,-0.32
2743,2025-09-28,0.67,0.4
3774,2025-01-05,0.68,0.31
4421,2025-10-08,0.81,-0.1
4288,2025-07-21,0.3,-0.29
4921,2025-05-14,0.27,-0.44
2023,2025-09-22,0.02,0.46
3961,2024-11-10,0.39,-0.1
2947,2024-12-05,0.5,-0.26
621,2025-10-11,0.08,0.48
4405,2025-01-16,0.75,-0.31
4537,2025-09-07,0.28,0.24
2599,2025-03-18,0.77,0.03
2564,2024-11-24,0.07,0.5
2329,2025-07-30,0.88,-0.36
381,2024-12-03,0.28,0.03
2875,2025-05-07,0.7,-0.47
4718,2025-07-12,0.97,-0.39
2184,2024-11-23,0.9,-0.42
2371,2024-12-28,0.65,-0.01
2520,2025-06-15,0.76,0.0
4694,2025-08-18,0.25,0.23
283,2025-06-29,0.46,0.3
1624,2025-10-01,0.6,-0.33
370,2025-06-09,0.33,0.38
3257,2025-08-24,0.42,-0.03
3399,2024-11-08,0.17,0.2
1642,2025-08-05,0.79,-0.17
4132,2025-03-19,0.97,0.2
2476,2024-11-08,0.37,-0.46
4294,2024-11-21,0.69,-0.11
3103,2025-03-31,0.16,-0.16
958,2025-09-19,0.69,-0.44
2425,2024-11-01,0.07,-0.01
1166,2025-09-30,0.23,0.32
2447,2025-04-02,0.9,0.05
321,2024-10-25,0.09,0.29
4116,2025-04-20,0.64,-0.5
3169,2025-07-18,0.84,-0.02
680,2025-01-02,0.62,-0.47
2605,2025-05-27,0.29,-0.44
4441,2025-04-01,0.85,-0.37
4218,2025-03-12,0.3,-0.22
4269,2024-11-03,0.38,-0.28
4381,2025-01-20,0.36,0.29
1836,2024-10-21,0.61,-0.36
3488,2025-06-03,0.68,-0.07
2452,2025-01-19,0.35,-0.32
4069,2025-05-25,0.65,-0.38
1976,2024-11-12,0.53,0.28
2534,2024-11-19,0.06,-0.05
581,2024-11-18,0.86,-0.42
1601,2024-11-19,0.72,-0.01
4444,2024-11-06,0.26,-0.47
1895,2024-12-23,0.09,-0.43
4273,2024-12-08,0.84,0.08
2771,2025-05-28,0.73,0.31
1820,2025-01-31,0.64,-0.08
4137,2025-08-04,0.24,-0.4
4854,2025-01-31,0.1,0.48
3328,2025-07-27,0.35,0.3
2173,2025-10-16,0.64,-0.34
1367,2025-07-04,0.94,-0.04
2442,2025-06-10,0.89,-0.47
449,2025-01-16,0.1,0.21
2287,2025-08-01,0.0,0.31
818,2025-10-10,0.22,-0.15
1375,2024-11-15,0.08,-0.41
2726,2025-06-06,0.83,-0.05
1462,2025-03-17,0.95,-0.5
2480,2025-01-22,0.16,0.02
4259,2025-10-15,0.23,0.1
4115,2024-10-29,0.5,0.39
1208,2025-10-14,0.06,0.42
33,2025-06-22,0.63,0.3
3895,2025-09-02,0.95,0.38
2433,2025-08-04,0.1,-0.07
3065,2025-06-16,0.2,-0.38
3720,2024-12-30,0.66,-0.02
1418,2025-03-21,0.11,-0.37
4970,2025-02-27,0.38,-0.34
2785,2024-11-02,0.62,0.25
650,2025-03-05,0.78,-0.36
804,2025-07-03,0.19,-0.22
3315,2024-12-15,0.67,-0.43
4922,2025-01-09,0.79,0.29
940,2025-02-04,0.36,0.11
1115,2024-12-20,0.07,-0.17
2149,2025-06-21,0.89,-0.32
1617,2025-03-05,0.53,-0.05
4219,2025-03-13,0.25,-0.39
2516,2025-03-03,1.0,0.1
1746,2024-11-18,0.03,-0.44
825,2025-08-05,0.88,0.38
295,2024-12-02,0.92,0.27
699,2024-10-18,0.88,0.41
203,2025-08-20,0.38,0.14
2825,2025-06-14,0.74,0.32
511,2024-11-22,0.42,0.42
4223,2025-02-17,0.88,0.16
1931,2025-06-27,0.82,0.27
3228,2025-06-10,0.83,-0.05
2713,2025-04-19,0.32,0.43
4755,2025-03-05,0.85,0.31
198,2025-03-03,0.06,0.16
2673,2025-06-17,0.84,-0.24
140,2025-06-09,0.11,-0.48
1709,2025-05-23,0.98,0.06
371,2025-10-03,0.85,-0.41
2675,2025-02-07,0.68,0.49
4648,2025-01-29,0.53,0.22
4668,2024-12-16,0.31,-0.35
475,2024-12-27,0.54,-0.32
2645,2025-02-22,0.8,-0.03
559,2025-06-14,0.75,-0.37
2307,2025-07-20,0.18,-0.18
4439,2025-02-28,0.59,-0.5
4152,2025-03-05,0.59,-0.27
1132,2025-06-28,0.62,-0.26
4498,2025-06-15,0.69,-0.45
2784,2025-03-13,0.84,-0.31
3693,2025-01-20,0.86,-0.29
30,2025-07-09,0.78,-0.44
977,2025-04-27,0.65,-0.17
2501,2025-02-15,0.04,-0.26
4105,2024-11-18,0.71,-0.04
3607,2025-02-09,0.22,0.38
4205,2025-08-31,0.39,0.33
2937,2025-02-23,0.06,-0.23
3682,2025-08-24,0.76,-0.39
1562,2025-09-15,0.64,0.31
4619,2025-03-01,0.09,0.44
2682,2025-06-18,0.86,0.04
2958,2025-07-20,0.12,0.38
3300,2025-06-18,0.84,-0.1
1820,2025-08-15,0.8,0.35
4793,2025-05-02,0.53,-0.06
2283,2025-09-25,0.99,0.04
2502,2025-04-18,0.77,-0.37
4347,2025-09-01,0.41,-0.09
3125,2025-04-25,0.08,0.02
830,2025-07-16,0.68,-0.16
2814,2025-10-02,0.38,-0.13
2537,2025-04-25,0.67,0.03
667,2025-03-20,0.56,-0.07
3132,2025-04-14,0.34,0.19
1415,2025-07-09,0.69,0.1
4582,2025-01-09,0.91,-0.37
741,2025-05-06,0.55,0.32
2556,2025-10-15,0.27,-0.17
2740,2024-11-02,0.46,-0.33
2137,2025-06-03,0.41,0.44
2261,2025-04-25,0.59,0.29
1811,2025-01-06,0.27,0.21
3462,2025-06-23,0.33,0.45
1585,2025-07-06,0.66,-0.26
3413,2025-10-17,0.9,-0.1
2219,2025-01-28,0.23,0.39
645,2025-09-29,0.88,0.46
3222,2025-07-05,0.14,0.02
2687,2025-07-06,0.66,-0.38
1166,2025-06-14,0.76,-0.01
101,2025-09-15,0.61,0.37
473,2025-08-04,0.6,0.36
3675,2025-10-06,0.76,-0.13
968,2025-09-29,0.19,0.45
1083,2025-03-11,0.26,-0.28
3928,2025-09-02,0.23,-0.18
263,2024-12-20,0.93,-0.49
1855,2025-10-04,0.84,-0.43
827,2025-01-13,0.45,-0.47
2456,2025-01-14,0.71,0.26
4707,2024-12-31,0.46,-0.1
327,2024-11-16,0.58,-0.06
3190,2025-05-24,0.35,-0.22
4585,2025-09-19,0.88,-0.08
1861,2025-08-04,0.61,0.21
1096,2025-03-30,0.94,0.38
2852,2025-03-07,0.61,-0.15
540,2025-04-06,0.9,-0.0
4883,2024-12-24,0.29,-0.14
1108,2025-04-30,0.83,-0.43
2303,2025-02-26,0.84,0.02
2791,2025-04-17,0.86,-0.43
2329,2025-05-04,0.58,-0.25
481,2025-02-20,0.31,-0.1
3952,2025-02-12,0.92,-0.41
397,2025-09-05,0.13,-0.02
915,2025-07-12,0.13,-0.49
1488,2024-11-26,0.78,0.47
480,2025-05-13,0.23,-0.06
1263,2025-02-03,0.33,-0.28
2436,2025-02-09,0.53,0.14
1057,2025-06-24,0.38,-0.03
985,2025-07-10,0.36,-0.11
2301,2025-03-11,0.39,-0.17
4060,2025-05-14,0.65,-0.46
2772,2024-11-26,0.68,-0.44
1796,2025-09-25,0.92,-0.39
3228,2024-11-22,0.9,-0.14
2248,2024-11-15,0.73,0.22
56,2025-04-06,0.45,0.0
321,2025-06-21,0.11,-0.3
1725,2025-08-10,0.15,0.28
4607,2025-09-16,0.8,0.18
526,2025-09-18,0.65,0.39
2070,2024-11-05,0.82,-0.38
2914,2025-10-11,0.05,0.13
2482,2025-04-29,0.81,0.28
1337,2025-01-09,0.25,0.36
4899,2024-11-03,0.27,0.05
339,2025-10-15,0.34,-0.45
3479,2025-08-19,0.94,-0.19
1396,2025-03-16,0.65,-0.33
3095,2025-02-06,0.26,-0.22
3465,2025-02-28,0.32,-0.3
3994,2025-09-06,0.51,-0.2
3381,2025-05-03,0.45,-0.32
1579,2025-03-28,0.66,-0.27
3752,2025-01-11,0.2,0.33
314,2025-07-17,0.23,-0.07
2290,2025-01-10,0.21,-0.48
533,2025-01-27,0.03,0.48
69,2025-08-10,0.84,-0.21
206,2025-08-28,0.38,-0.43
315,2025-03-05,0.82,0.36
1371,2025-01-26,0.22,-0.2
729,2025-04-14,0.19,-0.12
3869,2025-08-18,0.12,-0.08
3290,2025-04-09,0.78,-0.49
510,2025-07-16,0.15,-0.2
3629,2025-09-08,0.54,0.07
25,2025-03-05,0.79,0.47
83,2024-10-28,0.55,-0.05
3338,2025-10-15,0.81,0.36
4830,2025-08-07,0.35,0.5
1676,2025-07-29,0.28,-0.02
3873,2025-04-10,0.54,0.03
4567,2025-02-16,0.2,0.12
1067,2025-06-17,0.35,0.06
1377,2024-11-27,0.94,0.36
2467,2025-03-01,0.07,0.03
1448,2024-11-24,0.56,0.47
652,2025-08-10,0.18,-0.14
269,2025-07-08,0.4,-0.38
2863,2024-10-21,0.16,0.25
203,2025-08-27,0.38,0.18
2226,2025-06-14,0.64,0.11
4747,2024-11-07,0.83,-0.44
1048,2025-05-16,0.91,0.49
2619,2025-01-16,0.74,0.27
2529,2025-06-07,0.75,0.45
4406,2025-02-11,0.81,-0.28
1802,2024-12-24,0.7,-0.12
332,2025-06-07,0.3,0.35
3449,2025-01-26,0.94,-0.25
2325,2025-09-01,0.41,-0.37
3492,2024-10-18,0.16,-0.46
226,2024-12-06,0.06,-0.02
2926,2025-08-07,0.43,0.22
444,2025-01-23,0.17,-0.33
835,2025-01-07,0.45,0.37
3781,2025-03-07,0.05,-0.05
4220,2025-02-26,0.33,0.05
4208,2025-08-05,0.83,0.24
511,2025-02-20,0.87,0.07
46,2025-09-06,0.41,0.5
1550,2025-05-30,0.86,-0.1
2079,2025-03-31,0.01,-0.2
3812,2025-01-18,0.07,0.07
1406,2025-07-29,0.45,-0.45
882,2025-03-22,0.17,-0.38
2125,2025-06-19,0.47,0.43
3828,2025-09-16,0.72,0.24
921,2025-06-02,0.56,0.36
3366,2025-10-14,0.85,0.05
3463,2025-01-09,0.64,0.27
2413,2025-04-02,0.17,-0.06
1850,2025-09-02,0.37,0.45
2694,2025-06-28,0.66,-0.12
3473,2024-10-21,0.32,0.24
2607,2025-08-22,0.34,-0.2
3469,2025-03-02,0.19,0.26
254,2025-08-15,0.96,0.47
2827,2025-07-26,0.84,0.25
1571,2025-04-03,0.89,-0.43
883,2025-07-23,0.75,0.2
3587,2025-06-26,0.74,0.13
905,2025-01-17,0.74,0.26
112,2024-12-07,0.88,0.47
2770,2025-08-29,0.0,-0.31
381,2024-12-23,0.54,0.32
2575,2025-01-01,0.29,0.25
137,2024-10-25,0.94,0.13
3512,2025-01-26,0.25,-0.29
2460,2025-09-10,0.82,-0.16
1036,2025-03-24,0.64,-0.42
733,2024-12-08,0.4,0.23
2923,2024-12-24,0.77,-0.03
389,2025-04-05,0.53,-0.27
2262,2025-08-16,0.83,0.19
1868,2025-06-09,0.57,-0.5
3366,2025-04-05,0.08,-0.46
4316,2025-07-22,0.98,-0.22
2934,2025-07-14,0.82,0.17
4801,2025-07-27,0.72,-0.36
2257,2024-11-23,0.15,-0.23
4792,2024-11-03,0.33,0.25
817,2024-10-21,0.05,0.43
4794,2024-12-16,0.24,-0.29
3978,2025-04-26,0.68,0.06
3610,2025-01-07,0.33,-0.34
4976,2025-07-14,0.0,0.25
3224,2024-10-27,0.22,-0.34
4611,2025-07-30,0.83,-0.38
2581,2025-05-15,0.49,-0.27
1368,2025-02-16,0.61,0.2
1155,2025-06-03,0.91,-0.28
279,2025-06-11,0.14,-0.03
1589,2024-11-16,0.73,0.03
3720,2025-08-22,0.25,-0.15
2637,2025-09-10,0.42,-0.35
3540,2025-01-16,0.57,-0.35
3595,2025-04-11,0.7,0.18
2671,2025-09-27,0.83,0.45
1006,2025-03-10,0.05,-0.13
3389,2025-10-10,0.47,-0.09
4575,2024-11-10,0.97,0.48
2304,2025-04-10,0.13,0.18
4575,2024-10-25,0.3,0.13
1038,2025-10-01,0.62,0.45
4000,2025-09-13,0.36,-0.49
304,2025-08-26,0.63,0.04
4945,2025-06-16,0.97,0.44
4311,2025-04-07,0.75,0.16
4113,2025-01-21,0.71,0.12
2077,2025-01-13,0.78,-0.46
116,2025-01-16,0.84,0.05
2387,2024-11-11,0.28,0.18
4680,2025-10-03,0.87,0.32
3645,2025-09-15,0.39,-0.01
2075,2025-10-01,0.84,-0.48
3172,2025-03-21,0.65,0.4
2360,2025-07-03,0.87,0.34
3042,2024-10-22,0.68,-0.08
542,2025-04-22,0.23,0.37
354,2025-03-12,0.55,-0.1
1071,2024-12-15,0.01,0.41
3853,2025-04-22,0.62,0.32
3338,2025-01-02,0.87,0.13
2578,2025-07-18,0.44,-0.48
2625,2025-09-27,0.67,0.03
3127,2025-06-13,0.41,-0.15
4256,2025-09-09,0.12,0.45
1899,2025-02-25,0.38,0.33
1257,2024-12-22,0.64,-0.43
3911,2025-04-11,0.71,-0.39
1489,2024-11-13,0.31,-0.02
4715,2025-02-22,0.92,0.21
1345,2025-05-01,0.11,0.11
4748,2025-05-25,0.03,-0.11
1594,2025-01-16,0.36,0.06
2977,2024-10-30,0.86,-0.44
2993,2024-11-28,0.55,0.44
3329,2025-09-05,0.98,-0.24
3300,2024-11-02,0.85,0.34
1518,2025-07-05,0.26,0.13
601,2024-11-07,0.54,0.07
1046,2025-01-02,0.11,0.46
2613,2025-02-10,0.95,-0.01
2371,2025-08-26,0.22,-0.22
3555,2025-04-11,0.39,-0.25
2320,2025-07-07,0.63,-0.27
918,2024-10-26,0.46,-0.11
2122,2024-11-30,0.07,0.22
1931,2025-10-14,0.36,0.25
4085,2025-10-15,0.3,0.48
4046,2025-07-16,0.27,0.33
2813,2025-01-19,0.76,0.4
4390,2025-01-06,0.11,0.01
785,2025-01-15,0.72,-0.42
1342,2025-05-16,0.34,0.06
1389,2024-10-29,0.21,0.43
4599,2025-06-16,0.7,-0.5
1246,2025-09-20,0.15,0.43
4025,2025-08-09,0.06,-0.08
1934,2024-11-29,0.14,-0.47
4152,2025-05-13,0.14,-0.0
352,2025-07-29,0.64,-0.21
4144,2025-05-26,0.75,0.01
1981,2024-12-28,0.31,0.38
789,2025-05-01,0.07,-0.45
4664,2025-10-01,0.59,-0.19
2874,2025-07-29,0.34,0.39
3369,2025-09-30,0.24,-0.34
911,2025-03-17,0.78,0.47
2078,2025-09-16,0.4,0.2
1270,2025-03-09,0.52,0.37
2151,2025-04-21,0.14,0.18
4887,2024-12-12,0.77,0.45
1055,2024-11-12,0.91,-0.49
3409,2025-08-05,0.94,0.26
374,2025-03-03,0.66,0.38
62,2025-08-22,0.67,0.45
3216,2024-12-05,0.62,0.34
413,2025-02-26,0.59,-0.46
2172,2025-05-24,0.52,-0.49
597,2025-03-24,0.24,0.3
87,2025-05-31,0.61,-0.07
2796,2025-03-22,0.87,-0.0
60,2025-01-10,0.1,-0.27
1861,2025-07-01,0.84,0.15
894,2025-01-15,0.06,-0.45
3932,2025-09-10,0.42,0.45
3461,2025-09-24,0.69,0.44
44,2025-01-08,0.52,0.26
3561,2025-05-24,0.05,0.21
4788,2024-11-17,0.19,0.04
2311,2025-04-03,0.39,-0.35
4445,2025-08-06,0.18,-0.27
3626,2024-12-12,0.88,-0.13
4478,2025-09-01,0.29,-0.02
4973,2025-08-27,0.2,0.01
2824,2025-05-29,0.87,0.47
1770,2025-02-01,0.06,0.23
2365,2025-03-06,0.54,-0.27
2968,2024-10-21,0.37,0.26
2109,2025-07-17,0.44,0.26
4762,2024-12-11,0.5,0.27
3405,2025-09-17,0.35,0.15
1467,2025-08-29,0.71,0.25
1846,2025-07-25,0.44,-0.15
73,2025-07-27,0.33,-0.21
2650,2025-08-18,0.05,0.09
774,2025-08-29,0.01,-0.12
4675,2025-10-13,0.14,-0.36
2700,2025-07-10,0.82,-0.23
3481,2024-12-18,0.66,0.29
2302,2025-02-23,0.02,-0.06
3627,2025-05-16,0.27,-0.31
1139,2025-03-12,0.6,-0.23
2049,2025-01-29,0.63,-0.34
4113,2025-06-19,0.2,0.49
3891,2025-04-26,0.73,0.09
2827,2025-09-17,0.46,0.31
3031,2025-03-11,0.07,0.08
950,2024-11-09,0.45,0.25
626,2025-05-01,0.02,-0.11
4424,2025-02-24,0.06,-0.38
124,2025-03-22,0.96,0.01
3556,2025-05-11,0.06,0.18
3824,2024-12-09,0.69,0.42
902,2025-07-15,0.51,0.09
1387,2024-12-27,0.94,0.18
3877,2025-10-05,0.75,0.34
2084,2025-02-12,0.57,0.35
2942,2025-07-04,0.63,0.05
1961,2025-09-13,0.73,-0.22
2659,2025-01-25,0.46,0.39
503,2025-01-06,0.35,-0.31
3468,2025-04-24,0.16,0.46
2165,2025-02-19,0.18,-0.14
560,2025-01-12,0.97,-0.23
1394,2025-05-29,0.24,-0.23
2975,2024-11-07,0.39,-0.12
4459,2024-12-27,0.31,0.1
2059,2025-10-04,0.74,-0.47
3618,2025-02-25,0.37,0.48
409,2025-05-29,0.31,0.17
594,2025-07-06,0.54,0.01
164,2025-04-07,0.52,-0.19
3255,2025-07-29,0.62,0.08
554,2025-10-05,0.48,0.08
1239,2025-08-16,0.44,-0.43
1558,2025-05-25,0.31,-0.13
295,2024-12-26,0.56,-0.23
2063,2025-05-31,0.73,0.06
529,2025-01-13,0.11,0.36
4519,2025-01-05,0.04,-0.3
1211,2024-12-18,0.29,0.13
3539,2025-09-28,0.54,0.26
1036,2024-10-20,0.09,-0.25
4064,2025-06-06,0.8,-0.14
478,2025-09-03,0.63,0.02
3857,2025-09-22,0.72,-0.44
779,2025-04-30,0.55,0.1
571,2024-10-30,0.5,-0.07
4128,2025-09-12,0.27,0.18
680,2025-09-22,0.45,-0.29
1864,2024-10-17,0.34,-0.49
3229,2024-11-21,0.98,-0.34
2188,2025-04-12,0.75,-0.41
1097,2024-11-28,0.99,0.42
3723,2024-11-03,0.26,0.49
536,2024-12-28,0.45,-0.07
1395,2025-05-27,0.91,0.02
3881,2025-08-04,0.75,0.37
50,2025-03-27,0.65,0.3
3040,2025-05-03,0.14,0.07
3110,2025-08-30,0.12,-0.33
4322,2025-09-08,0.98,0.1
3916,2025-08-02,0.64,0.1
3132,2025-08-05,0.85,0.12
3657,2024-10-31,0.97,-0.25
278,2024-10-23,0.06,-0.41
3067,2025-06-10,0.53,0.21
1445,2024-12-20,0.11,-0.06
887,2025-09-22,0.16,-0.29
1335,2025-03-06,0.83,0.21
1403,2025-03-13,0.27,0.18
3592,2025-07-21,0.72,-0.5
4145,2025-04-02,0.82,-0.19
471,2025-05-17,0.01,0.39
2675,2025-09-22,0.52,-0.46
3719,2025-08-14,0.5,-0.08
3381,2024-10-18,0.54,-0.27
4093,2024-12-18,0.42,0.26
1341,2025-06-11,0.1,-0.15
576,2025-06-05,0.73,-0.4
4577,2025-09-29,0.9,0.45
3222,2025-06-27,0.85,0.21
1050,2024-12-24,0.2,-0.17
1137,2025-07-27,0.04,0.42
2790,2025-09-15,0.11,-0.15
557,2025-02-08,0.65,-0.33
1978,2025-07-18,0.1,0.15
1187,2025-01-06,0.34,0.36
2707,2024-12-15,0.02,-0.46
3263,2025-07-05,0.96,-0.06
1566,2025-05-04,0.69,0.25
3172,2025-01-09,0.56,0.07
2536,2025-08-24,0.09,-0.05
4520,2025-10-08,1.0,-0.43
2961,2025-04-01,0.58,0.49
2331,2025-09-25,0.39,0.46
2953,2025-03-18,0.84,0.43
1342,2025-07-27,0.35,0.03
2097,2025-02-03,0.75,-0.34
2176,2025-04-11,0.01,0.02
3765,2025-10-03,0.64,0.04
2851,2024-11-16,0.27,-0.09
1389,2025-04-20,0.48,-0.49
4324,2025-05-22,0.7,0.16
4864,2025-09-13,0.47,0.24
961,2025-08-10,0.4,-0.2
2051,2025-07-14,0.82,0.24
3369,2025-08-18,0.2,-0.08
1064,2025-07-18,0.89,-0.05
380,2025-06-01,0.46,0.46
842,2025-01-04,0.7,0.36
140,2025-04-22,0.46,0.39
2377,2025-07-10,0.44,-0.1
2993,2025-04-16,0.87,0.05
3462,2025-03-27,0.41,0.07
2114,2025-03-12,0.52,-0.06
1205,2025-02-03,0.6,-0.36
2257,2024-12-10,0.9,-0.17
377,2025-04-09,0.37,0.05
2047,2025-09-19,0.06,-0.15
539,2025-03-23,0.19,0.49
2593,2025-07-02,0.3,0.16
3364,2024-12-28,0.9,0.48
1303,2024-10-29,0.08,0.23
3928,2025-09-27,0.2,0.42
3170,2025-10-16,0.55,0.27
2892,2025-04-03,0.66,-0.4
4197,2025-02-25,0.4,0.15
510,2025-03-31,0.33,0.41
2649,2025-04-06,0.33,0.48
3166,2025-06-14,0.09,-0.3
278,2024-11-08,0.4,-0.26
3076,2025-07-28,0.15,0.13
2813,2025-06-03,0.57,0.5
1121,2025-07-26,0.65,-0.15
3919,2025-07-28,0.14,0.12
4049,2024-11-23,0.11,0.08
1344,2025-02-22,0.14,0.1
3552,2024-12-27,0.52,0.08
306,2025-06-14,0.23,-0.34
2369,2025-05-24,0.03,0.05
4026,2025-06-12,0.05,-0.35
2590,2025-01-31,0.74,-0.48
3937,2025-08-16,0.88,-0.07
4412,2025-04-15,0.14,0.15
3302,2024-12-08,0.26,-0.04
3998,2024-10-18,0.15,0.4
2646,2025-09-11,0.75,0.1
2015,2025-03-31,0.39,0.36
2241,2025-09-03,0.61,0.37
2085,2025-04-17,0.64,-0.11
858,2025-03-17,0.69,-0.03
1412,2025-05-09,0.77,-0.34
2074,2024-10-18,0.38,0.14
4069,2025-09-23,0.64,0.12
1268,2025-01-10,0.54,0.34
548,2025-02-11,0.32,0.43
2090,2025-03-17,0.54,-0.17
4056,2025-05-14,0.74,0.33
867,2024-10-27,0.64,-0.44
375,2025-03-10,0.37,0.4
2835,2024-12-08,0.22,0.15
59,2025-02-03,0.63,-0.26
1862,2025-04-28,0.34,-0.08
3005,2025-06-20,0.61,0.0
382,2025-09-27,0.63,-0.01
2101,2025-08-28,0.94,-0.49
2120,2025-04-16,0.89,0.38
2992,2025-06-14,0.27,-0.08
1298,2025-06-08,0.5,0.24
4649,2025-01-25,0.23,0.23
227,2025-07-29,0.48,0.26
567,2025-10-12,0.05,0.41
1077,2025-02-21,0.64,0.49
3870,2025-03-31,0.19,-0.19
4859,2025-10-11,0.24,0.38
4398,2024-12-10,0.46,-0.03
4819,2025-03-02,0.18,0.15
1286,2025-10-14,0.73,0.16
3705,2024-11-03,0.42,0.38
1846,2025-05-22,0.74,-0.12
4295,2025-03-10,0.64,0.01
2983,2025-01-10,0.22,-0.24
1540,2025-08-15,0.05,-0.19
4236,2025-03-06,0.23,-0.22
2301,2025-08-06,0.88,0.5
2581,2025-04-07,0.31,0.16
4261,2025-05-08,0.67,-0.41
1599,2024-12-24,0.09,-0.1
1218,2025-03-06,0.82,-0.3
2263,2025-06-11,0.76,-0.18
348,2024-12-26,0.34,-0.27
1059,2024-11-17,0.5,-0.34
167,2025-02-19,0.48,0.33
2044,2024-12-11,0.96,-0.29
3245,2024-11-28,0.11,-0.35
582,2025-01-03,0.31,-0.05
796,2024-10-27,0.3,0.23
2827,2025-02-24,0.48,0.36
3090,2025-03-09,0.72,0.11
2046,2025-03-14,0.71,-0.15
2413,2025-03-12,0.73,0.01
3067,2024-10-21,0.94,-0.15
1322,2025-04-18,0.54,-0.32
4463,2024-11-21,0.8,-0.35
3785,2025-02-12,0.93,0.0
3776,2024-12-06,0.14,0.27
3776,2025-09-07,0.67,-0.04
3954,2024-12-15,0.63,-0.45
3599,2025-09-28,0.2,0.02
503,2024-12-20,0.41,-0.24
4181,2025-01-19,0.28,0.47
1741,2025-04-19,0.47,0.04
878,2025-06-23,0.52,0.48
1160,2025-10-12,0.01,0.39
1860,2025-06-16,0.29,0.33
3581,2025-08-12,0.09,0.5
4929,2025-06-25,0.58,-0.27
4562,2025-01-04,0.85,-0.29
3140,2024-11-27,0.63,0.19
4204,2025-02-11,0.52,-0.32
2155,2025-07-10,0.79,0.44
2543,2025-07-31,0.7,-0.34
1998,2025-02-26,0.61,0.4
3378,2025-10-03,0.22,0.03
4284,2025-07-01,0.07,0.15
1106,2025-02-28,0.72,0.44
979,2025-05-24,0.13,-0.12
3810,2024-11-16,0.17,-0.04
4916,2025-01-25,0.22,-0.28
1985,2025-05-28,0.83,-0.08
33,2025-05-14,0.05,-0.17
3390,2025-04-04,0.76,-0.02
4268,2025-08-06,0.66,0.21
899,2025-06-17,0.96,0.28
2804,2025-01-07,0.2,-0.26
2679,2024-11-04,0.98,0.33
2146,2025-06-12,0.86,0.09
3638,2025-05-02,0.87,0.14
4838,2024-12-18,0.62,0.38
286,2025-01-14,0.42,-0.45
2912,2025-05-20,0.76,0.18
3766,2025-09-09,0.16,-0.37
1406,2025-05-22,0.23,0.15
1016,2025-04-16,0.4,0.13
2378,2024-12-04,0.6,-0.18
921,2025-01-23,0.58,-0.11
478,2024-10-17,0.34,0.41
1940,2025-01-29,0.7,-0.2
3652,2025-08-09,0.41,-0.28
1907,2025-01-02,0.85,0.25
2358,2025-03-08,0.13,-0.02
2771,2025-05-29,0.46,0.32
4959,2025-08-18,0.42,0.04
4581,2025-07-31,0.55,-0.22
1611,2025-04-29,0.75,0.47
4493,2024-11-13,0.77,-0.19
4629,2025-07-03,0.47,-0.33
529,2025-07-16,0.58,0.44
574,2024-11-05,0.73,0.11
2175,2025-07-30,0.76,0.1
2176,2024-11-18,0.88,0.42
1516,2025-05-03,0.04,-0.22
508,2025-05-08,0.84,0.45
4338,2025-08-18,0.37,0.03
4791,2024-12-22,0.94,-0.03
905,2024-11-04,0.24,0.01
1571,2025-07-30,0.21,0.24
4043,2025-02-27,0.17,0.01
4929,2025-01-17,0.19,-0.33
3835,2025-06-25,0.75,-0.4
914,2025-04-15,0.06,0.29
2889,2025-03-14,0.86,-0.45
1335,2024-10-29,0.69,-0.42
3559,2025-07-16,0.23,0.5
4983,2025-03-24,0.25,-0.43
2067,2025-03-21,0.7,0.27
10,2025-09-04,0.58,-0.01
4984,2024-10-19,0.95,-0.15
3648,2025-10-05,0.96,-0.49
3178,2025-06-01,0.37,-0.1
2788,2025-07-08,0.89,0.32
2580,2024-10-21,0.6,0.44
3055,2025-01-05,0.12,-0.01
1589,2025-05-27,0.78,-0.33
3534,2025-02-21,0.83,0.2
4280,2025-08-31,0.26,-0.28
2233,2025-05-14,0.47,-0.46
3707,2024-12-30,0.12,0.08
2833,2025-04-07,0.64,0.21
927,2025-09-03,0.53,0.12
166,2025-03-08,0.38,-0.34
2055,2025-03-19,0.93,0.03
2120,2025-08-27,0.93,0.27
3282,2025-05-05,0.58,-0.18
367,2024-12-12,0.97,-0.49
4765,2025-07-01,0.57,-0.24
2828,2024-12-21,0.2,-0.44
4919,2024-10-24,0.14,-0.45
4879,2025-02-05,0.49,-0.27
2881,2025-03-25,0.73,0.16
4268,2025-08-13,0.6,-0.27
4678,2025-01-18,0.43,0.35
4465,2024-12-06,0.25,0.37
1712,2025-01-14,0.16,-0.35
4957,2025-02-24,0.0,0.48
1845,2025-01-18,0.73,-0.21
2501,2025-03-08,0.32,-0.44
2447,2025-07-02,0.27,0.04
4069,2025-05-27,0.43,-0.2
1151,2025-07-26,0.65,0.38
1853,2025-03-23,0.16,-0.21
4043,2025-01-14,0.09,-0.19
3155,2025-06-14,0.67,0.3
2719,2025-04-14,0.3,0.5
2893,2025-07-26,0.48,0.44
2075,2025-09-12,0.53,-0.15
2791,2024-12-05,0.23,-0.38
2178,2025-08-05,0.95,-0.19
3343,2025-04-16,0.26,-0.41
4291,2025-10-11,0.81,0.11
614,2025-05-08,0.49,-0.38
4547,2025-05-10,0.09,-0.43
3790,2025-02-19,0.69,0.38
2799,2025-05-05,0.7,-0.45
4918,2024-12-30,0.74,-0.19
2255,2025-03-15,0.09,-0.47
3332,2025-01-22,0.14,0.1
4966,2025-08-02,0.3,0.38
2763,2025-03-24,0.66,0.1
1522,2025-09-20,0.78,-0.06
2469,2025-06-14,0.75,-0.03
529,2025-07-24,0.81,-0.47
984,2025-08-29,0.86,0.25
2743,2025-01-22,0.84,0.11
4540,2024-11-04,0.52,-0.32
3635,2024-12-17,0.82,0.09
3716,2025-05-25,0.3,-0.11
1324,2025-06-01,0.35,-0.16
2064,2025-06-16,0.23,-0.19
3051,2025-07-02,0.69,0.11
1928,2025-09-17,0.13,-0.16
266,2024-12-19,0.66,0.17
3330,2024-12-03,0.06,-0.3
4660,2024-12-09,0.72,-0.21
2403,2025-02-20,0.14,0.21
4815,2025-01-13,0.54,-0.37
3071,2024-11-27,0.03,0.27
1166,2025-06-09,0.39,-0.19
2631,2025-09-08,0.62,-0.31
3784,2025-05-17,0.19,-0.21
3184,2025-07-28,0.39,0.15
1096,2025-02-08,0.68,-0.03
274,2025-10-16,0.41,0.1
534,2025-03-16,0.24,-0.24
4467,2025-07-26,0.13,-0.17
4496,2025-02-11,0.51,-0.13
1868,2025-02-23,0.26,-0.21
3017,2025-08-17,0.11,0.19
1728,2025-10-03,0.09,0.26
2972,2025-09-22,0.41,0.26
2436,2025-03-12,0.45,-0.3
4600,2024-10-22,0.32,-0.48
3153,2025-03-29,0.68,0.41
142,2024-11-22,0.41,0.29
4563,2025-01-26,0.02,0.05
3063,2025-08-23,0.48,-0.01
3079,2024-10-28,0.59,0.1
1440,2025-04-15,0.29,-0.23
1028,2025-01-01,0.77,-0.48
4830,2025-03-22,0.34,-0.37
3294,2025-10-04,0.73,-0.08
680,2025-08-19,0.57,0.49
3248,2025-10-04,0.74,0.38
4895,2025-04-26,0.58,-0.15
2532,2024-12-21,0.69,0.36
827,2025-07-19,0.39,0.27
1637,2025-08-06,0.11,-0.38
880,2025-09-27,0.24,0.43
4911,2024-11-20,0.74,-0.44
4730,2025-03-04,0.77,-0.25
1720,2025-05-27,0.3,-0.09
638,2024-12-28,0.63,-0.03
4292,2025-04-30,0.19,0.47
3692,2025-03-11,0.67,0.28
2133,2025-04-01,0.2,0.44
2821,2025-01-12,0.46,-0.05
4511,2024-12-30,0.45,-0.13
3432,2025-02-23,0.73,-0.14
1197,2025-10-02,0.59,0.47
1233,2025-02-25,0.59,0.36
2750,2024-11-02,0.49,0.18
4995,2025-03-17,0.73,0.21
1683,2025-09-16,0.24,-0.05
3540,2025-08-14,0.76,-0.4
4217,2025-03-17,0.3,0.36
2313,2025-05-06,0.54,0.31
426,2025-10-04,0.46,0.27
4229,2025-08-30,0.74,-0.22
2168,2024-12-21,0.3,-0.47
683,2025-04-10,0.71,0.11
532,2025-04-17,0.53,-0.43
408,2025-08-05,0.28,-0.39
3198,2025-07-14,0.26,-0.06
3035,2025-08-02,0.41,-0.18
952,2025-01-30,0.75,0.15
1160,2025-01-26,0.08,-0.37
1502,2025-04-12,0.86,0.26
4445,2025-03-29,0.23,0.39
3801,2025-05-28,0.61,-0.39
898,2025-07-18,0.35,0.25
581,2024-12-30,0.32,0.17
1267,2024-10-18,0.68,-0.21
1328,2025-02-24,0.47,0.3
1306,2025-07-04,0.61,-0.17
4110,2025-05-22,0.86,-0.33
4352,2024-12-14,0.96,0.43
3308,2025-04-13,0.89,0.23
4514,2024-12-12,0.09,-0.44
4018,2025-02-20,0.09,-0.21
519,2025-03-30,0.15,-0.24
4152,2025-08-08,0.7,-0.27
4968,2025-02-21,0.28,-0.22
2682,2024-12-30,0.82,0.29
1136,2025-01-19,0.37,-0.45
3196,2025-10-04,0.03,-0.48
366,2025-03-13,0.17,-0.02
679,2025-06-06,0.15,0.13
3169,2025-06-17,0.44,0.46
1151,2025-08-27,0.97,0.41
2468,2025-04-14,0.8,0.4
2279,2025-03-30,0.36,0.1
333,2025-02-22,0.54,0.49
3573,2025-06-25,0.36,0.29
3109,2025-01-10,0.16,-0.09
2506,2025-04-29,0.51,-0.02
2906,2024-10-21,0.22,0.12
248,2025-01-04,0.89,0.1
4617,2025-05-23,0.93,-0.14
3709,2025-03-19,0.91,0.02
3217,2025-08-20,0.9,0.18
2163,2024-12-25,0.25,-0.24
857,2024-10-30,0.06,0.5
253,2025-09-22,0.48,-0.31
1278,2025-10-10,0.23,0.33
1032,2025-02-12,0.16,-0.3
961,2024-11-13,0.35,-0.03
3319,2025-08-12,0.88,-0.33
3554,2025-08-21,0.22,-0.15
2032,2025-06-15,0.26,0.21
3513,2025-06-10,0.8,0.09
2256,2025-08-22,0.93,-0.41
4442,2024-12-14,0.8,0.39
4372,2025-07-12,0.84,0.48
138,2025-07-06,0.5,-0.35
8,2024-11-07,0.53,0.37
4188,2024-12-18,0.44,-0.11
2329,2025-03-25,0.77,-0.01
854,2025-09-25,0.44,-0.4
702,2025-10-05,0.98,-0.34
2764,2025-03-20,0.53,-0.21
3606,2025-09-13,0.98,-0.19
2598,2025-02-24,0.59,0.29
3153,2025-04-12,0.98,-0.0
3601,2025-06-27,0.7,-0.45
3954,2025-08-14,0.05,0.09
1098,2025-08-06,0.61,-0.01
4218,2025-08-25,0.46,0.19
4488,2024-11-06,0.93,0.49
2728,2025-01-08,0.1,0.02
2277,2025-04-22,0.33,-0.02
2449,2025-05-29,0.1,-0.48
285,2025-03-26,0.16,-0.29
1342,2024-12-13,0.4,0.12
1142,2025-05-05,0.28,-0.21
1223,2025-04-22,0.17,-0.11
2506,2025-10-14,0.29,0.21
1915,2025-07-20,0.17,0.21
1180,2025-06-26,0.87,-0.47
763,2024-12-18,0.25,0.16
301,2025-07-10,0.15,-0.42
4610,2025-09-02,0.53,-0.12
3992,2025-07-06,0.94,0.34
3825,2024-11-11,0.63,-0.24
4838,2025-04-10,0.23,0.13
3254,2025-03-15,0.67,0.07
273,2025-03-25,0.46,-0.06
1432,2025-09-14,0.51,-0.21
265,2025-05-20,0.8,0.18
1834,2024-11-19,0.52,0.27
1189,2025-08-22,0.82,-0.34
181,2025-01-21,0.9,-0.48
3005,2024-12-02,0.33,0.07
4714,2025-05-01,0.49,-0.5
4723,2024-12-25,0.7,-0.01
2843,2024-12-12,0.22,-0.01
3924,2025-09-23,0.53,-0.21
3916,2025-03-25,0.39,-0.31
4126,2024-12-13,0.9,0.19
3752,2024-12-25,0.25,-0.34
4791,2025-09-16,0.31,-0.24
1859,2025-03-16,0.51,-0.1
2304,2025-07-27,0.03,-0.41
2111,2025-03-10,0.12,0.36
2188,2025-08-17,0.38,-0.07
4597,2025-02-24,0.37,-0.1
219,2025-02-28,0.76,0.05
1684,2025-08-28,0.94,-0.07
1531,2025-02-03,0.09,0.37
3966,2025-08-11,0.17,0.19
4076,2025-10-14,0.84,-0.08
4576,2025-09-05,0.99,0.32
1767,2025-05-13,0.78,0.13
2134,2025-04-11,0.43,-0.36
2244,2025-10-05,0.53,-0.07
3667,2025-01-23,0.08,-0.46
2315,2025-09-05,0.12,0.35
3868,2025-08-15,0.95,0.0
1860,2025-06-12,0.87,-0.15
4706,2025-03-20,0.27,0.13
4885,2025-10-03,0.96,0.06
3743,2024-12-22,0.88,0.37
1648,2025-01-22,0.62,0.02
3595,2025-03-22,0.35,-0.32
2941,2025-06-09,0.1,-0.16
2252,2025-02-07,0.28,-0.25
874,2025-05-24,0.9,-0.49
1559,2025-02-13,0.13,-0.44
465,2024-11-04,0.41,0.47
2377,2025-10-02,0.65,0.27
2374,2024-11-25,0.57,-0.19
3147,2025-02-14,0.47,-0.06
2961,2025-09-27,0.35,-0.13
2159,2025-10-15,0.66,0.17
1346,2025-08-21,0.65,0.43
618,2024-12-09,0.0,0.4
1268,2025-01-20,0.86,0.13
2634,2025-08-06,0.22,-0.13
3329,2025-05-24,0.59,-0.42
1098,2025-03-01,0.72,-0.04
3769,2025-02-07,0.17,0.14
2416,2025-10-08,0.91,0.01
1102,2024-11-06,0.36,-0.19
2554,2025-07-24,0.32,-0.34
3186,2025-04-07,0.2,-0.14
2531,2025-06-19,0.08,-0.14
1946,2024-11-06,0.27,-0.1
2478,2025-10-08,0.2,-0.34
3081,2025-09-26,0.69,-0.5
2912,2024-10-28,0.43,0.12
2899,2024-12-08,0.46,0.43
3978,2025-02-08,0.02,-0.4
3737,2024-12-09,0.25,0.46
1739,2025-01-02,0.62,0.41
1539,2025-10-06,0.31,0.07
1802,2024-12-16,0.71,0.47
631,2025-04-12,0.43,-0.46
234,2024-10-26,0.44,-0.43
4420,2024-12-14,0.81,-0.12
1766,2025-08-24,0.48,0.26
3049,2025-09-03,0.32,0.35
3909,2025-05-08,0.9,-0.38
2136,2025-03-09,0.06,-0.24
1017,2025-08-11,0.18,-0.25
3814,2025-05-25,0.72,0.32
2931,2025-09-14,0.21,0.41
1653,2024-12-15,0.07,-0.24
1696,2025-05-05,1.0,-0.18
1260,2025-05-27,0.49,-0.26
9,2025-05-03,0.88,-0.49
4840,2025-06-16,0.51,-0.3
4676,2025-03-02,0.65,0.15
4475,2024-12-02,0.05,0.18
3841,2025-05-11,0.69,-0.01
2722,2025-02-26,0.18,-0.3
672,2025-05-07,0.86,-0.13
721,2025-09-05,0.86,0.02
1359,2025-02-16,0.26,0.33
372,2025-08-31,0.45,-0.5
2492,2025-03-11,0.86,0.19
1880,2025-09-21,0.87,-0.25
1296,2025-06-19,0.41,0.03
654,2025-07-08,0.72,-0.26
268,2024-11-10,0.01,-0.28
3394,2025-08-08,0.23,-0.27
3150,2025-02-21,0.55,-0.14
4040,2025-06-23,0.55,0.11
3543,2025-02-14,0.82,-0.12
3190,2025-03-04,0.86,0.32
4915,2025-01-28,0.68,-0.23
4094,2025-05-05,0.16,0.33
184,2025-02-23,0.22,0.13
3610,2025-08-12,0.2,-0.49
1216,2024-11-30,0.17,-0.0
3357,2025-05-03,0.39,-0.27
550,2025-03-23,0.87,-0.47
4916,2024-11-26,0.99,0.31
4504,2025-06-18,0.85,-0.32
3867,2025-08-04,0.82,-0.16
366,2025-03-27,0.04,-0.05
4180,2025-10-15,0.76,-0.26
4241,2025-09-05,0.49,0.22
2154,2025-01-14,0.93,-0.34
1624,2025-04-04,0.68,-0.5
918,2024-12-11,0.65,-0.25
3113,2024-11-08,0.47,-0.13
3316,2025-04-12,0.5,-0.48
2857,2025-05-16,0.99,-0.23
4393,2025-10-17,0.42,-0.3
336,2025-08-04,0.65,0.16
4009,2025-01-30,0.89,-0.24
1799,2024-12-12,0.72,0.16
4478,2024-12-21,0.47,0.15
1660,2024-12-27,0.76,-0.31
485,2024-10-22,0.28,-0.04
2324,2025-05-22,0.27,0.35
4460,2025-09-26,0.34,-0.07
990,2025-07-18,0.4,0.18
4104,2025-03-26,0.22,0.26
531,2025-09-07,0.83,0.47
2776,2025-07-25,0.87,-0.37
38,2025-10-11,0.59,0.23
2356,2025-06-03,0.99,0.08
57,2025-05-26,0.18,-0.38
2544,2025-02-23,0.51,0.33
2139,2025-02-13,0.89,-0.44
3361,2025-03-29,0.41,0.06
2383,2024-10-17,0.14,-0.38
4918,2024-11-10,0.27,0.08
2117,2024-12-28,0.91,0.06
1979,2025-02-15,0.06,0.01
4605,2025-06-05,0.69,0.32
3863,2025-02-05,0.74,-0.26
2147,2024-11-08,0.24,0.2
4033,2025-06-24,0.96,-0.49
1123,2025-03-14,0.35,-0.44
3438,2025-03-23,0.92,-0.01
2955,2025-05-14,0.5,0.02
3534,2025-07-30,0.53,-0.25
1336,2025-06-26,0.56,0.28
200,2025-05-03,0.93,-0.24
3046,2024-10-31,0.45,0.34
516,2024-11-10,0.06,-0.45
519,2025-02-10,0.4,-0.14
4472,2025-08-04,0.69,-0.15
3701,2025-01-16,0.19,-0.15
151,2024-11-17,0.28,0.43
1185,2025-06-13,0.46,-0.36
1546,2025-04-15,0.78,-0.1
3743,2025-02-09,0.74,-0.34
2422,2025-08-17,0.02,0.25
1502,2025-04-25,0.4,-0.04
1874,2025-02-15,0.86,0.41
3353,2025-07-01,0.45,0.45
1558,2025-01-09,0.41,0.45
2028,2025-08-28,0.45,-0.38
748,2025-04-10,0.99,0.14
3301,2025-04-21,0.77,0.37
902,2025-08-22,0.99,-0.0
3795,2025-06-04,0.27,0.22
693,2024-11-03,0.63,-0.15
3311,2025-06-09,0.32,-0.01
3973,2025-01-31,0.35,0.43
3313,2025-05-02,0.9,0.07
3013,2025-09-12,0.66,-0.19
32,2024-10-24,0.62,0.48
3613,2025-05-30,0.13,0.19
2384,2025-03-03,0.04,0.39
1415,2025-04-04,0.35,-0.41
427,2025-06-28,0.51,-0.33
1369,2025-10-10,0.55,0.22
545,2024-11-05,0.39,0.33
4078,2024-11-28,0.14,0.06
2814,2025-08-24,0.61,0.24
2680,2025-06-21,0.41,-0.43
3320,2025-02-09,0.92,-0.16
1419,2025-01-15,0.51,0.44
2041,2025-03-22,0.83,-0.05
4574,2025-08-19,0.44,-0.33
2725,2025-01-06,0.62,0.41
4128,2024-12-06,0.88,-0.11
1605,2025-09-14,0.08,-0.35
1215,2025-01-28,0.73,0.44
741,2025-08-16,0.16,0.11
4928,2024-11-05,0.49,0.22
250,2025-06-03,0.01,-0.31
2260,2025-07-20,0.18,-0.49
2575,2025-09-09,0.48,-0.4
4680,2025-07-24,0.04,-0.26
3043,2024-10-20,0.59,0.04
2361,2025-01-14,0.8,-0.45
1316,2025-01-10,0.58,0.21
1306,2024-12-11,0.61,-0.08
2022,2024-12-20,0.56,0.45
4457,2025-02-15,0.9,0.04
2412,2025-07-08,0.31,-0.41
1854,2025-03-07,0.9,0.02
1872,2025-08-30,0.32,0.36
453,2025-06-05,0.44,0.36
2892,2025-07-25,0.83,-0.0
1260,2025-02-26,0.97,0.49
2151,2025-08-03,0.6,0.21
2161,2025-05-31,0.07,-0.15
2664,2025-07-20,0.56,-0.37
1985,2025-07-17,0.37,0.22
690,2025-07-10,0.64,-0.27
705,2025-01-12,0.9,-0.07
4109,2025-02-18,0.87,0.04
3691,2025-04-17,0.14,0.44
1610,2024-10-20,0.79,0.31
874,2025-03-11,0.72,-0.14
383,2025-09-19,0.76,0.09
673,2025-01-21,0.01,0.24
220,2025-10-01,0.31,-0.48
4212,2024-12-28,0.98,0.04
1267,2025-01-19,0.25,-0.27
2456,2025-07-07,0.32,0.06
3378,2024-11-12,0.68,0.22
1537,2025-02-11,0.46,-0.2
4466,2025-03-13,0.24,-0.44
12,2025-03-27,0.98,0.07
1046,2025-04-17,0.14,0.17
87,2024-10-30,0.43,-0.27
602,2024-12-11,0.39,0.27
1580,2024-11-23,0.15,0.24
2709,2025-05-31,0.22,-0.16
4302,2024-11-15,0.2,0.34
1987,2025-09-07,0.38,0.22
3068,2025-05-02,0.26,0.23
3288,2025-08-07,0.1,-0.25
3038,2025-10-14,0.27,-0.41
923,2025-10-06,0.85,-0.0
2155,2025-10-08,0.33,-0.05
4483,2025-02-23,0.58,0.01
1514,2024-11-01,0.31,0.05
2331,2025-09-03,0.61,0.33
2231,2025-07-02,0.36,-0.49
1816,2024-10-29,0.77,0.18
2506,2025-01-21,0.58,0.42
1255,2025-02-28,0.08,0.47
3094,2025-03-30,0.95,-0.3
147,2024-12-11,0.44,-0.27
2740,2025-02-10,0.86,-0.45
1893,2025-06-09,0.28,-0.11
3645,2025-02-27,0.1,0.33
2405,2025-09-19,0.47,-0.25
2970,2025-08-16,0.12,0.12
2558,2025-08-19,0.06,0.42
2294,2025-09-16,0.67,-0.36
4159,2024-12-23,0.21,-0.35
2626,2025-07-30,0.47,0.21
4670,2025-09-13,0.34,0.49
1666,2024-12-07,0.06,-0.35
650,2025-06-13,0.95,-0.42
1017,2025-03-24,0.07,-0.44
4524,2025-10-14,0.3,-0.39
2907,2025-02-07,0.14,-0.13
2513,2024-11-17,0.49,0.34
1613,2025-09-03,0.43,0.37
4804,2024-11-04,0.19,-0.22
702,2025-04-01,0.8,-0.01
2796,2025-07-01,0.26,0.47
752,2024-12-13,0.7,0.37
1548,2024-11-27,0.69,0.35
2472,2025-08-02,0.99,-0.15
1079,2024-11-01,0.4,0.45
486,2025-09-27,0.98,-0.43
4327,2025-07-26,0.19,-0.34
1934,2025-03-01,0.96,0.42
1248,2025-02-20,0.04,-0.09
4657,2025-03-22,0.57,-0.38
2915,2025-10-15,0.53,0.18
3186,2024-10-19,0.08,-0.29
3331,2025-01-11,0.17,-0.19
4695,2025-02-23,0.26,0.08
2511,2025-06-04,0.55,0.46
1404,2025-07-24,0.11,0.38
3156,2024-12-02,0.27,0.15
3582,2025-05-06,0.16,0.21
1614,2025-08-18,0.23,0.49
3916,2024-12-21,0.67,-0.19
205,2025-05-23,0.65,-0.31
859,2025-07-06,0.28,-0.05
4573,2025-07-14,0.26,0.42
1683,2024-11-03,0.79,0.08
426,2025-08-14,0.38,-0.5
4610,2025-04-06,0.75,0.41
14,2025-08-15,0.03,0.34
3391,2025-02-28,0.67,0.15
2794,2025-08-13,0.97,-0.23
4653,2025-10-02,0.58,-0.12
4523,2024-12-22,0.43,-0.38
454,2025-04-23,0.29,0.44
1210,2024-11-15,0.61,-0.04
145,2024-11-03,0.3,0.4
2594,2025-06-18,0.22,0.12
4134,2025-10-09,0.28,0.25
333,2025-06-13,0.15,-0.28
835,2025-05-31,0.92,0.36
2583,2025-01-12,0.82,0.15
1417,2025-06-17,0.03,0.21
2985,2025-04-04,0.78,0.03
4293,2025-09-22,0.23,-0.19
4711,2024-12-30,0.29,-0.29
2040,2025-02-04,0.56,0.27
4681,2025-04-24,0.07,0.04
740,2025-02-15,0.72,-0.28
15,2025-04-20,0.92,0.15
2229,2025-03-01,0.47,-0.23
2479,2025-03-27,0.77,0.4
4042,2025-01-24,0.1,0.31
341,2025-09-29,0.54,0.09
1445,2025-08-31,0.29,0.04
3734,2024-12-29,0.74,-0.41
1265,2025-05-20,0.34,0.21
1833,2025-09-04,0.31,-0.5
1765,2024-12-02,0.55,0.1
611,2025-09-05,0.73,0.49
358,2025-05-29,0.79,0.13
3362,2024-11-10,0.82,-0.14
3915,2025-03-23,0.04,-0.18
2987,2025-04-06,0.15,0.34
3207,2025-08-17,0.88,-0.21
1110,2025-08-31,0.54,-0.03
1229,2025-05-07,0.12,-0.07
3521,2025-06-27,0.76,0.18
830,2025-06-20,0.91,0.49
1910,2025-05-23,0.44,0.15
2774,2024-12-17,0.77,-0.26
467,2025-10-01,0.15,-0.49
2737,2025-04-03,0.9,-0.07
3992,2025-05-20,0.51,0.41
874,2025-05-21,0.74,0.02
3653,2025-03-14,0.34,0.18
1539,2025-01-19,0.53,0.18
841,2025-05-09,0.1,0.27
3533,2025-09-24,0.32,0.38
2733,2024-10-18,0.75,0.17
328,2025-01-14,0.84,0.24
4914,2025-04-03,0.08,-0.3
2349,2025-09-17,0.05,0.11
3171,2025-05-26,0.06,0.26
2603,2025-01-18,0.49,0.5
1556,2025-08-06,0.49,-0.28
1680,2025-04-26,0.05,0.42
1929,2024-11-24,0.09,0.38
1913,2025-01-16,0.56,-0.07
1324,2024-12-31,0.52,-0.19
563,2025-03-01,0.85,0.42
88,2025-10-05,0.13,-0.06
1248,2024-12-01,0.26,-0.09
2237,2025-09-15,0.21,-0.14
1678,2024-12-25,0.46,-0.21
2526,2024-12-25,0.93,0.19
3722,2024-10-30,0.31,-0.08
173,2025-01-11,0.86,0.37
32,2025-03-03,0.99,0.41
4496,2025-05-27,0.5,0.43
3417,2025-03-17,0.6,0.22
1619,2025-02-14,0.26,-0.41
3576,2025-10-17,0.48,0.09
2323,2025-08-09,0.22,0.38
743,2025-04-03,0.07,0.04
3881,2024-10-27,0.06,0.03
991,2025-01-12,0.69,0.34
4927,2025-02-18,0.5,-0.06
2296,2024-10-30,0.52,-0.18
2844,2025-07-29,0.79,-0.37
3008,2025-07-25,0.52,-0.47
842,2025-01-10,0.95,-0.36
2790,2025-05-19,0.15,0.11
1724,2025-04-03,0.72,0.3
1850,2024-12-15,0.48,-0.08
4740,2025-10-12,0.98,-0.07
4679,2025-09-13,0.09,0.01
2907,2024-11-17,0.56,0.24
1141,2025-01-21,1.0,-0.49
1687,2024-11-26,0.98,-0.02
2785,2025-02-05,0.5,-0.47
1412,2025-07-27,0.24,-0.15
3509,2025-01-21,0.8,0.38
1642,2025-08-06,0.06,0.18
546,2025-04-19,0.46,0.14
1768,2025-06-04,0.95,0.0
3801,2025-01-15,0.51,0.38
4847,2025-04-30,0.77,-0.48
3921,2025-06-04,0.91,-0.0
3302,2025-05-10,0.68,-0.07
1837,2025-03-26,0.49,0.47
666,2025-09-20,0.95,0.1
3204,2025-07-01,0.02,-0.04
4767,2025-03-07,0.65,-0.12
4237,2024-12-17,0.84,0.33
4302,2025-05-29,0.75,0.3
1498,2025-01-07,0.42,-0.45
4496,2024-12-15,0.89,-0.13
2798,2025-04-21,0.26,-0.36
1795,2024-12-02,0.8,-0.13
1895,2025-08-24,0.86,-0.05
4246,2025-09-03,0.75,-0.16
2471,2024-11-27,0.06,-0.14
3387,2025-04-30,0.84,-0.17
3756,2024-11-10,0.3,0.18
4655,2025-10-13,0.77,0.34
2245,2024-11-19,0.28,-0.36
2825,2025-09-15,0.87,0.16
1804,2025-07-01,0.28,0.5
903,2025-06-20,0.09,-0.02
1892,2025-08-08,0.51,-0.21
4282,2024-11-19,0.84,-0.37
3556,2025-08-27,0.14,0.18
69,2025-05-12,0.66,-0.14
2539,2025-01-27,0.12,0.26
43,2025-02-28,0.53,0.24
2266,2025-01-08,1.0,-0.36
2224,2025-04-15,0.5,-0.38
994,2025-09-21,0.4,-0.33
2243,2025-05-09,0.52,-0.03
4185,2025-02-08,0.54,0.24
4171,2024-10-20,0.06,-0.26
2579,2025-08-08,0.16,0.06
4476,2025-04-08,0.61,0.17
538,2025-09-22,0.4,-0.38
2075,2025-04-11,0.87,0.25
1335,2025-01-06,0.81,0.3
3382,2025-06-09,0.41,0.33
2652,2025-01-23,0.34,0.04
4934,2025-04-12,0.99,0.18
3511,2025-04-14,0.84,0.06
4750,2025-07-08,0.74,-0.09
1575,2025-05-24,0.41,-0.49
1664,2025-09-21,0.28,-0.1
558,2025-05-20,0.62,0.32
3818,2025-07-17,0.95,0.01
524,2025-01-05,0.5,0.06
846,2025-07-25,0.06,0.35
4472,2025-10-14,0.22,-0.39
4470,2024-12-21,0.07,0.3
2885,2025-01-28,0.67,-0.09
1781,2025-10-08,0.14,-0.32
4424,2025-07-02,0.57,-0.07
2398,2025-05-16,0.12,0.31
4870,2025-06-18,0.79,-0.29
3287,2025-01-15,0.86,0.12
4949,2025-01-24,0.87,-0.04
394,2024-11-15,0.57,-0.39
1843,2025-07-19,0.47,0.48
2253,2025-06-09,0.26,-0.35
3138,2025-05-21,0.29,0.1
3673,2025-10-10,0.15,0.17
1470,2024-12-06,0.49,-0.28
1412,2024-11-30,0.95,-0.34
4714,2025-03-05,0.24,0.4
388,2025-03-19,0.14,0.41
3906,2025-05-10,0.7,0.17
3537,2025-01-02,0.51,0.07
4958,2025-05-24,0.81,0.02
961,2024-12-04,0.95,0.3
4044,2024-12-01,0.97,0.1
3650,2025-03-09,0.33,0.44
4670,2024-10-22,0.9,0.38
3143,2025-08-16,0.69,-0.37
994,2025-04-21,0.83,-0.23
738,2025-05-30,0.03,0.13
3423,2025-08-25,0.26,0.01
811,2025-06-05,0.57,-0.12
225,2025-08-18,0.14,0.19
291,2025-09-02,0.1,-0.05
4915,2025-05-31,0.58,-0.32
2155,2025-03-28,0.86,0.44
2140,2024-11-02,0.68,0.19
4269,2024-11-30,0.8,-0.2
642,2024-11-09,0.05,0.42
1406,2024-10-22,0.96,-0.03
2305,2025-10-06,0.8,0.32
881,2024-10-31,0.9,0.45
3327,2025-09-19,0.87,-0.2
884,2024-11-07,0.62,0.2
3648,2025-09-07,0.13,0.35
2985,2024-10-18,0.02,-0.39
761,2025-08-07,0.35,-0.5
2942,2025-08-07,0.75,0.27
1688,2025-07-16,0.51,-0.09
2099,2025-09-14,0.92,-0.02
199,2025-01-11,0.74,0.37
3555,2024-12-13,0.6,0.35
3156,2025-04-12,0.34,0.18
2074,2025-09-03,0.9,-0.38
3766,2024-10-21,0.67,0.1
653,2025-05-04,0.98,0.17
2848,2025-06-01,0.14,-0.39
1690,2025-05-27,0.49,-0.02
1767,2025-02-09,0.79,-0.2
4027,2025-07-04,0.04,0.44
925,2025-09-05,0.5,-0.46
1785,2025-01-10,0.25,-0.28
3811,2025-04-11,0.91,-0.14
4513,2025-09-12,0.78,-0.16
4509,2025-04-10,0.56,0.09
1896,2025-03-27,0.57,-0.4
1362,2025-10-06,0.43,0.11
1846,2024-10-19,0.37,-0.13
4299,2025-03-27,0.68,0.16
4702,2024-10-19,0.59,0.23
2789,2025-01-01,0.13,-0.12
2049,2025-02-22,0.56,-0.49
2427,2025-05-07,0.17,0.45
4342,2025-05-20,0.18,0.13
3764,2024-11-21,0.98,-0.01
4261,2025-06-23,0.07,-0.39
3320,2025-02-26,0.18,-0.1
3126,2025-03-24,0.87,0.36
973,2025-01-04,0.02,-0.36
517,2025-02-24,0.02,0.47
1460,2025-09-09,0.62,0.25
176,2024-10-29,0.24,0.05
4132,2025-09-25,0.13,0.41
761,2025-01-22,0.15,0.45
3785,2024-11-29,0.09,0.23
2706,2025-07-29,0.39,-0.01
1443,2025-05-31,0.35,-0.16
1893,2024-11-18,0.23,0.18
2951,2024-11-12,0.43,-0.22
3740,2024-12-24,0.08,-0.04
2716,2025-08-01,0.71,-0.48
1260,2025-04-02,0.06,-0.13
756,2025-10-14,0.77,0.05
982,2025-09-05,0.26,0.44
1408,2025-05-25,0.02,-0.11
83,2024-12-19,0.96,-0.44
4242,2025-02-15,0.34,0.18
2571,2025-02-21,0.64,-0.4
492,2025-05-04,0.29,0.4
2375,2025-05-10,0.18,0.41
1530,2025-06-28,0.36,-0.3
4835,2025-02-23,0.86,0.36
178,2025-09-02,0.3,-0.36
486,2025-03-03,0.16,0.15
1523,2024-10-30,0.31,-0.31
2505,2025-06-26,0.08,0.43
980,2025-06-02,0.48,-0.36
4610,2025-05-22,0.31,0.35
2730,2025-07-30,0.63,0.49
2627,2024-11-09,0.46,0.38
4517,2025-10-17,0.99,-0.09
4039,2025-07-19,0.74,0.46
4595,2025-03-02,0.81,0.38
4962,2025-06-02,0.71,0.25
241,2025-04-18,0.21,-0.49
895,2025-06-14,0.44,0.01
2114,2025-06-20,0.45,-0.02
1568,2025-06-15,0.14,-0.11
1912,2025-01-27,0.29,0.14
1783,2024-12-08,0.75,-0.33
21,2025-01-29,0.87,0.29
757,2024-12-25,0.95,0.31
1273,2025-06-12,0.78,0.21
920,2025-02-25,0.05,0.35
1413,2025-08-31,0.9,0.19
1333,2025-01-21,0.98,0.38
4263,2025-06-01,0.11,0.13
2357,2025-02-28,0.76,-0.16
4996,2025-02-12,0.37,-0.3
1184,2025-06-09,0.59,0.47
3158,2025-07-16,0.74,0.48
1792,2025-04-05,0.04,-0.03
4296,2025-06-23,0.3,0.36
470,2025-01-18,0.14,-0.14
3164,2025-10-17,0.6,0.42
256,2025-10-06,0.43,-0.2
4863,2025-05-17,0.52,-0.24
2679,2024-11-07,0.44,0.25
1608,2025-07-09,0.25,-0.29
984,2025-09-13,0.4,-0.38
795,2025-05-26,0.19,-0.23
1309,2024-11-13,0.68,-0.4
1035,2025-05-26,0.19,-0.5
2299,2025-05-30,0.09,-0.02
1844,2025-06-07,0.8,-0.44
1774,2025-08-29,0.35,-0.08
3181,2025-03-11,0.02,-0.24
2480,2025-05-15,0.42,0.31
536,2024-10-21,0.1,0.39
4434,2024-11-27,0.92,-0.24
4990,2025-08-12,0.39,0.23
1522,2025-05-08,0.52,-0.49
200,2025-04-24,0.76,0.04
1923,2025-06-23,0.69,-0.3
1149,2025-07-20,0.35,0.19
3954,2025-07-10,0.76,0.44
3385,2024-12-23,0.52,-0.47
3391,2025-06-15,0.89,-0.23
2351,2024-12-28,0.57,0.11
4560,2024-12-31,0.47,0.13
3187,2025-06-08,0.2,-0.22
3762,2025-10-09,0.38,0.08
4693,2025-06-25,0.98,0.23
1914,2025-04-02,0.76,-0.43
486,2024-10-25,0.96,-0.3
4702,2025-06-18,0.45,0.06
2195,2024-11-29,0.43,-0.2
2114,2025-07-10,0.88,-0.45
4750,2025-01-11,0.98,-0.48
1060,2025-03-10,0.1,0.23
1298,2025-01-03,0.9,-0.13
3507,2025-04-22,0.21,-0.09
2473,2025-09-09,0.53,0.48
2360,2025-06-05,1.0,-0.04
1446,2025-02-07,0.72,0.15
550,2025-06-18,0.27,0.17
2642,2025-10-02,0.79,-0.15
1254,2025-02-24,0.56,-0.24
2771,2025-03-08,0.7,-0.07
4011,2025-08-07,0.08,0.14
2810,2025-03-08,0.8,-0.11
1530,2025-08-18,0.6,0.25
2682,2025-06-19,0.67,-0.04
4942,2025-06-12,0.2,-0.2
95,2025-07-10,0.01,0.09
1284,2025-05-26,0.77,-0.22
1613,2024-12-21,0.33,0.5
4763,2025-09-06,0.3,0.42
1453,2024-11-23,0.5,-0.16
793,2025-05-30,0.61,0.25
316,2024-11-10,0.95,-0.39
757,2025-02-25,0.38,0.45
1575,2024-11-28,0.0,-0.44
4974,2025-01-01,0.24,0.1
4862,2025-04-07,0.79,0.02
1131,2025-06-24,0.34,0.44
4534,2025-08-13,0.94,0.1
4155,2025-01-01,0.47,-0.46
1747,2025-08-15,0.69,0.01
4768,2025-06-07,0.16,-0.12
3182,2025-05-20,0.81,-0.48
3926,2024-12-07,0.71,-0.44
1387,2024-12-01,0.36,-0.03
2078,2025-04-05,0.49,0.45
175,2025-07-08,0.73,0.06
3300,2024-12-13,0.56,0.34
3621,2025-08-18,0.54,-0.04
1104,2024-11-14,0.24,-0.05
2776,2025-09-05,0.82,-0.11
2621,2025-04-29,0.77,0.43
2874,2025-08-06,0.89,0.35
2088,2025-05-28,0.62,0.1
3670,2025-04-25,0.16,-0.37
995,2024-12-09,0.01,0.16
3873,2025-02-28,0.62,-0.04
3800,2025-04-09,0.42,0.14
1236,2025-06-05,0.24,0.3
3597,2025-02-25,0.03,-0.41
4192,2025-02-07,0.52,-0.19
483,2025-06-13,0.82,0.05
2014,2025-01-27,0.44,-0.23
1321,2024-12-06,0.34,0.48
1940,2025-01-15,0.85,-0.3
87,2025-07-06,0.17,0.2
4910,2025-02-01,0.91,0.28
4307,2025-08-25,0.48,0.09
2523,2025-01-28,0.91,0.11
3684,2025-07-03,0.17,-0.46
2701,2025-06-17,0.66,0.38
3746,2025-02-19,0.16,-0.05
2491,2025-04-09,0.84,-0.42
3856,2025-05-06,0.04,-0.04
669,2025-03-08,0.98,0.22
711,2025-09-04,0.65,0.31
98,2025-08-04,0.11,-0.23
4395,2025-10-10,0.56,0.06
415,2025-06-16,0.85,-0.49
4575,2025-09-14,0.19,-0.49
4282,2025-09-19,0.73,0.28
2606,2025-10-07,0.75,-0.22
1864,2025-07-22,0.53,0.04
1689,2025-01-03,0.29,-0.44
1726,2025-09-11,0.66,-0.5
948,2024-10-20,0.87,0.06
4954,2025-04-27,0.57,-0.17
4261,2025-06-04,0.92,-0.32
2552,2024-11-24,0.94,-0.4
1514,2025-09-13,0.03,-0.38
3062,2025-07-09,0.19,0.23
1466,2025-08-12,0.35,0.41
2331,2025-06-18,0.63,0.08
4723,2025-06-12,0.8,-0.14
952,2025-04-28,0.0,-0.25
375,2025-01-07,0.35,-0.39
1985,2024-10-21,0.96,-0.32
803,2025-02-08,0.89,0.35
4797,2025-08-13,0.68,-0.46
1345,2024-11-13,0.39,0.49
3249,2025-07-20,0.54,-0.03
3056,2025-01-30,0.64,-0.28
2752,2025-04-15,0.58,-0.36
2371,2025-05-07,0.48,-0.42
1125,2025-02-21,1.0,0.01
2211,2025-06-18,0.84,-0.21
2143,2025-09-25,0.42,-0.02
4123,2024-12-16,0.74,0.43
4023,2025-09-14,0.37,-0.01
3521,2025-05-17,0.2,0.17
3399,2025-04-29,0.83,-0.18
4953,2024-11-09,0.85,-0.13
692,2024-11-23,0.01,-0.29
2467,2025-09-07,0.21,-0.38
749,2024-11-12,0.02,0.27
497,2025-06-08,0.57,-0.21
1294,2024-11-25,0.08,0.48
1662,2025-10-10,0.95,0.22
2411,2025-09-11,0.55,-0.39
484,2025-06-06,0.7,0.21
2232,2025-03-16,0.96,0.12
3363,2025-01-23,0.67,0.44
1698,2025-03-25,0.19,0.16
2690,2025-10-15,0.79,-0.09
2975,2024-11-22,0.52,0.48
2935,2025-03-20,0.3,0.13
2323,2024-11-28,0.87,0.2
20,2025-09-22,0.86,-0.2
4357,2025-05-09,0.1,-0.21
4488,2025-08-23,0.56,0.4
3849,2025-01-21,0.17,0.37
4073,2025-02-19,0.85,0.03
4785,2025-05-27,0.57,0.21
3586,2024-11-05,0.08,0.36
3482,2025-01-22,0.8,0.32
2343,2025-09-10,0.18,0.07
2417,2025-04-20,0.93,-0.07
1027,2025-05-31,0.33,0.05
1976,2025-07-25,0.14,-0.35
94,2025-01-26,0.92,0.17
2257,2025-01-28,0.1,-0.27
1602,2024-11-17,0.93,0.07
1095,2025-08-15,0.2,0.11
3867,2025-08-14,0.46,-0.11
4386,2025-01-04,0.53,-0.43
1626,2025-09-21,1.0,-0.36
3532,2025-01-19,0.24,-0.12
1493,2025-08-01,0.04,0.35
1760,2025-01-29,0.72,0.08
1848,2025-06-09,0.86,0.07
4415,2025-07-11,0.49,-0.21
2792,2025-01-21,0.58,0.47
2043,2025-02-16,0.73,0.17
2680,2024-11-19,0.2,0.37
1000,2025-06-22,0.24,-0.46
4284,2025-05-26,0.91,-0.48
1283,2025-08-24,0.09,0.14
4657,2025-09-29,0.7,0.06
3424,2025-07-30,0.77,-0.14
4784,2025-10-02,0.85,0.35
381,2025-10-13,0.89,0.23
311,2025-03-07,0.98,0.38
242,2024-12-10,0.11,-0.17
4871,2025-08-08,0.68,-0.28
2435,2025-02-20,0.22,0.25
2252,2025-01-04,0.73,0.21
2210,2025-05-07,0.81,-0.27
1455,2024-10-28,0.48,-0.11
3742,2024-11-14,0.3,0.4
2857,2025-06-07,0.89,-0.42
3728,2025-02-16,0.44,0.01
774,2025-07-02,0.33,0.26
3081,2025-08-31,0.97,0.21
1527,2024-11-09,0.62,-0.49
2377,2025-08-29,0.96,0.29
4906,2025-03-26,0.08,0.47
3242,2024-10-24,0.93,-0.13
3718,2024-11-10,0.14,-0.19
2406,2025-01-30,0.1,0.39
1886,2025-03-13,0.05,-0.07
2817,2025-03-13,0.23,-0.22
3336,2025-07-12,0.9,-0.39
4042,2025-06-24,0.38,0.03
3792,2025-02-17,0.26,-0.2
3484,2025-05-26,0.17,0.05
2226,2025-07-03,0.49,0.35
3678,2025-05-29,0.82,-0.46
3211,2025-02-14,0.08,-0.4
4475,2025-04-28,0.64,0.43
1389,2025-06-23,0.36,0.11
4112,2025-04-26,0.68,-0.31
4515,2024-10-19,0.64,-0.03
2358,2025-03-28,0.5,-0.41
1372,2025-02-28,0.87,0.14
4217,2025-10-11,0.54,-0.05
74,2024-12-07,0.12,-0.31
4695,2025-09-12,0.91,-0.36
3105,2024-11-22,0.61,-0.31
806,2025-04-03,0.73,0.31
112,2025-08-20,0.63,-0.31
2246,2025-02-07,0.64,0.25
2863,2025-07-04,0.25,0.03
299,2025-08-11,0.47,0.11
4287,2025-08-13,0.97,-0.16
599,2024-10-31,0.01,0.26
4986,2025-01-01,0.16,0.09
2408,2024-12-07,0.62,0.26
1440,2025-09-06,0.1,0.44
3066,2025-02-13,0.93,-0.27
1353,2025-08-03,0.31,0.12
4775,2025-09-06,0.75,-0.14
4093,2025-04-17,0.03,-0.14
2901,2025-07-21,0.06,-0.05
680,2025-03-08,0.38,0.41
2209,2025-01-13,0.62,0.38
111,2024-11-11,0.92,0.19
2203,2025-06-10,0.57,-0.5
2811,2025-10-09,0.98,0.25
3370,2025-03-06,0.49,-0.13
689,2024-10-26,0.43,0.46
4333,2025-09-26,0.07,-0.0
3853,2025-05-14,0.12,0.32
1839,2025-06-04,0.85,-0.29
2934,2025-05-31,0.08,0.38
21,2025-04-02,0.47,-0.22
4575,2025-08-14,0.15,-0.14
4745,2024-12-22,0.8,0.4
4533,2025-09-04,0.11,-0.04
1797,2025-04-09,0.49,-0.49
527,2025-01-18,0.99,0.5
1690,2025-08-18,0.66,-0.45
3581,2025-04-08,0.34,-0.4
2367,2024-10-31,0.14,0.3
1595,2024-10-27,0.52,-0.2
4236,2025-07-12,0.22,-0.23
2590,2024-11-15,0.94,0.19
4916,2025-03-12,0.44,-0.2
3762,2025-10-12,0.75,0.43
507,2025-10-02,0.53,0.45
955,2025-01-17,0.95,0.18
1245,2025-03-14,0.72,-0.07
1701,2024-11-05,0.28,0.42
3943,2025-02-22,0.73,0.36
4360,2025-07-24,0.34,0.05
2257,2024-11-12,0.62,0.35
1859,2025-09-23,0.91,0.09
3311,2025-06-05,0.02,0.14
9,2025-07-23,0.24,0.09
4073,2024-11-08,0.19,-0.29
1449,2025-01-15,0.27,0.05
3301,2025-08-05,0.98,0.1
869,2025-02-03,0.01,-0.46
2978,2025-05-09,0.73,0.49
3625,2025-10-01,0.07,0.44
4180,2025-07-06,0.29,-0.34
3595,2025-01-10,0.72,-0.25
1605,2024-11-20,0.65,0.02
2191,2025-01-04,0.87,0.36
712,2025-09-16,0.12,-0.41
4021,2024-12-07,0.27,0.16
428,2025-04-22,0.68,0.15
3421,2025-10-01,0.65,-0.16
2904,2025-05-15,0.68,-0.1
2688,2025-05-26,0.61,0.25
458,2025-03-25,0.64,-0.21
3021,2025-05-13,0.89,-0.4
392,2025-01-07,0.21,0.25
4215,2025-02-26,0.15,0.29
3415,2025-06-25,0.51,0.25
4769,2025-07-11,0.3,-0.17
81,2025-06-24,0.0,0.11
2689,2025-10-17,0.02,0.05
4594,2025-07-20,0.99,0.02
2112,2024-10-26,0.58,0.37
4126,2024-12-22,0.57,0.14
1432,2025-01-24,0.13,0.48
1920,2025-04-23,0.13,-0.15
1444,2025-08-15,0.98,-0.39
1342,2025-01-09,0.14,-0.08
2143,2025-01-03,0.33,0.04
2714,2025-02-01,0.23,0.25
1123,2025-06-14,0.36,-0.4
3314,2025-03-08,0.3,-0.2
2896,2025-07-25,0.96,0.01
158,2024-12-03,0.45,-0.31
4780,2025-03-04,0.61,-0.39
4658,2025-10-07,0.17,-0.28
216,2025-09-27,0.24,-0.2
2176,2025-05-11,0.5,-0.25
2804,2024-11-23,0.28,0.08
2519,2025-09-06,0.27,-0.2
4189,2025-05-09,0.53,0.06
1693,2025-04-10,0.31,0.18
3076,2025-09-03,0.94,-0.06
442,2025-03-29,0.33,-0.15
3866,2025-04-05,0.24,-0.26
2371,2025-08-19,0.74,0.49
1413,2024-11-06,0.93,0.35
3428,2025-02-11,0.9,0.08
826,2025-10-08,0.39,-0.37
889,2025-04-03,0.67,-0.44
781,2025-09-14,0.21,0.22
4304,2025-06-25,0.4,0.05
4595,2025-10-01,0.04,-0.35
3834,2025-09-03,0.86,-0.18
80,2025-08-17,0.35,0.32
3872,2025-07-04,0.03,0.45
1968,2025-10-08,0.68,0.05
4129,2025-02-09,0.49,-0.06
2937,2025-05-17,0.14,0.22
1155,2025-10-13,0.76,-0.09
3476,2025-03-03,0.31,-0.25
4997,2024-11-14,0.06,-0.36
3625,2025-09-20,0.23,-0.03
1006,2024-12-09,0.11,-0.27
732,2024-12-26,0.73,0.29
2614,2024-12-08,0.57,-0.45
824,2025-02-28,0.18,-0.47
167,2025-02-17,0.09,0.11
2357,2025-05-15,0.31,-0.17
1474,2025-10-02,0.67,0.41
2584,2025-05-11,0.47,0.33
1292,2025-04-10,0.14,-0.37
4431,2025-10-12,0.11,-0.31
2776,2025-09-25,0.75,-0.37
1149,2025-06-06,0.91,0.03
4756,2025-01-02,0.63,-0.45
2816,2025-04-18,0.06,-0.37
1136,2025-07-05,0.42,0.29
204,2025-07-01,0.84,-0.21
3228,2025-06-29,0.39,0.13
1513,2025-03-08,0.91,-0.16
1755,2025-05-11,0.73,0.19
872,2025-05-21,0.5,-0.47
648,2025-09-14,0.76,0.44
2630,2025-07-27,0.83,-0.38
2536,2025-08-18,0.36,0.49
4516,2025-10-13,0.86,0.28
2366,2025-06-26,0.18,0.28
4743,2025-08-24,0.85,-0.2
1475,2025-07-10,0.19,0.13
92,2025-02-06,0.88,-0.36
3747,2025-05-21,0.8,-0.07
2003,2025-09-16,0.94,0.47
4299,2024-10-17,0.74,-0.16
1482,2025-01-15,0.47,0.47
1167,2025-04-06,0.61,0.34
1312,2025-02-05,0.31,0.33
51,2025-10-04,0.55,0.4
4498,2025-04-04,0.19,-0.01
534,2024-11-21,0.14,-0.43
884,2024-11-23,0.05,-0.47
3838,2025-05-07,0.48,0.02
4816,2025-10-15,0.57,-0.42
2374,2025-02-24,0.21,0.22
497,2025-08-17,0.84,0.23
3961,2025-09-03,0.13,-0.28
25,2025-03-09,0.2,0.49
2331,2025-06-09,0.45,-0.5
3417,2025-06-14,0.52,0.42
723,2025-02-10,1.0,-0.39
2561,2025-06-28,0.38,0.43
2284,2025-01-27,0.81,-0.34
294,2025-01-25,0.57,0.49
1264,2025-09-24,0.7,-0.4
2356,2024-12-17,0.99,0.2
4910,2024-12-01,0.85,-0.25
669,2025-08-04,0.03,-0.22
4818,2025-08-04,0.38,0.37
1526,2024-11-14,0.4,-0.02
1056,2025-03-28,0.35,0.3
4802,2025-07-31,0.58,0.08
1110,2024-12-24,0.19,-0.13
1331,2024-12-19,0.45,-0.31
2418,2025-01-15,0.38,-0.43
1890,2025-10-16,0.89,-0.02
1045,2024-11-14,0.3,0.48
2732,2025-03-29,0.11,-0.22
4091,2025-07-09,0.96,-0.2
3576,2025-04-20,0.03,0.06
2683,2025-05-06,0.11,0.46
713,2025-06-28,0.63,0.3
1768,2025-10-06,0.83,0.49
4963,2025-03-12,0.98,0.25
88,2025-07-13,0.66,-0.38
4079,2025-06-02,0.87,-0.15
2911,2025-02-11,0.26,0.34
3802,2025-01-26,0.57,-0.2
1973,2025-05-21,0.09,0.47
1065,2025-02-28,0.21,-0.5
2311,2025-02-18,0.17,0.21
4913,2024-12-31,0.8,-0.04
4650,2024-10-27,0.92,-0.33
4223,2025-09-30,0.24,-0.39
622,2025-02-08,0.22,-0.39
2693,2025-08-06,0.91,-0.17
1385,2025-07-28,0.48,0.15
848,2025-07-31,0.85,-0.27
3471,2025-06-16,0.66,0.24
4797,2025-02-14,0.15,0.07
4389,2025-08-31,0.34,-0.16
92,2025-05-29,0.28,-0.44
9,2025-04-27,0.15,0.14
3517,2025-09-10,0.73,0.13
3212,2025-05-13,0.94,-0.26
3871,2025-03-02,0.27,0.02
251,2025-09-28,0.87,0.15
3274,2025-09-23,0.45,-0.33
1954,2025-06-03,0.62,0.47
648,2025-10-17,0.46,-0.09
3150,2025-01-18,0.95,-0.26
3301,2025-06-29,0.82,-0.22
283,2025-06-22,0.03,-0.19
4505,2024-11-30,0.18,-0.22
2564,2024-11-18,0.21,0.37
2,2025-07-06,0.92,0.26
921,2025-07-04,0.44,-0.4
630,2025-04-24,0.11,0.47
4329,2025-09-20,0.93,-0.14
1203,2025-07-21,0.82,0.12
3532,2025-04-13,0.29,-0.39
4269,2025-05-10,0.22,0.43
838,2024-12-23,0.65,0.06
3574,2025-06-27,0.76,-0.14
4223,2025-03-28,0.72,-0.47
3019,2024-11-30,0.34,-0.27
4515,2024-12-07,0.58,-0.05
4367,2025-01-25,0.54,-0.33
3727,2025-03-08,0.4,-0.39
860,2025-05-01,0.02,-0.11
3563,2024-11-21,0.93,0.12
2594,2025-06-24,0.77,-0.02
4611,2025-02-17,0.02,-0.44
4133,2025-07-14,0.31,0.22
4678,2024-12-02,0.49,-0.36
1110,2024-12-23,0.91,-0.37
3031,2024-12-16,0.05,0.1
98,2024-10-28,0.5,-0.07
2980,2024-10-23,0.11,0.14
746,2025-09-09,0.4,-0.44
2428,2024-12-05,0.95,0.4
2639,2025-03-23,0.49,-0.5
4397,2024-11-07,0.32,-0.31
511,2025-03-27,0.4,0.41
989,2025-03-14,0.46,-0.14
1526,2024-12-28,0.86,0.07
2069,2025-07-03,0.07,0.21
635,2025-07-19,0.94,0.27
1114,2025-02-16,0.17,0.26
4806,2025-10-13,0.68,0.43
1247,2025-10-14,0.91,-0.29
3201,2025-09-14,0.44,0.17
3190,2025-08-21,0.22,-0.37
1873,2025-06-23,0.78,-0.17
1662,2025-06-30,0.92,0.42
1090,2025-02-17,0.25,-0.44
3960,2024-12-23,0.99,0.13
4212,2025-10-14,0.73,-0.31
587,2025-06-09,0.4,-0.33
3943,2025-01-18,0.09,0.44
2253,2025-05-14,0.9,-0.1
2543,2025-08-17,0.01,0.0
431,2025-09-12,0.69,0.36
3852,2025-06-22,0.97,0.16
4790,2025-04-15,0.8,0.32
1348,2025-02-16,0.92,0.12
1655,2025-07-03,0.08,-0.28
4843,2025-04-04,0.9,-0.31
4665,2025-03-21,0.96,0.24
632,2025-01-20,0.06,-0.2
2815,2025-08-02,0.15,0.4
4391,2024-12-06,0.17,-0.35
4343,2025-07-03,0.63,0.49
4808,2025-06-01,0.04,-0.07
1738,2025-08-06,0.41,0.1
2,2025-09-27,0.82,-0.01
4472,2024-12-22,0.29,0.18
1323,2024-11-09,0.05,0.09
2802,2024-12-20,0.97,-0.32
2629,2025-01-14,0.16,0.15
4573,2025-04-17,0.79,0.1
3165,2025-03-24,0.87,0.21
1031,2025-03-04,0.26,-0.18
1403,2025-07-21,0.77,0.2
2649,2025-04-25,0.57,-0.35
4023,2025-05-30,0.48,-0.24
1214,2025-01-27,0.93,0.05
2408,2025-05-16,0.18,0.42
1393,2025-08-01,0.05,0.2
2474,2025-04-18,0.08,0.34
305,2025-09-16,0.23,-0.2
1084,2025-07-20,0.8,-0.21
4565,2025-07-19,0.57,-0.24
1155,2025-06-14,0.3,0.15
1552,2024-11-05,0.87,-0.02
4820,2025-09-23,0.13,0.31
3734,2024-10-21,0.07,-0.03
124,2025-03-20,0.03,-0.12
3342,2025-01-14,0.95,-0.16
1530,2025-05-12,0.47,0.25
3646,2025-06-18,0.44,-0.28
2753,2025-06-28,0.61,-0.26
1413,2024-11-13,0.33,0.28
4179,2025-06-27,0.52,0.14
717,2025-01-12,0.75,0.37
1432,2025-06-21,0.67,0.5
3234,2025-05-04,0.59,-0.26
1637,2025-07-28,0.75,-0.12
1143,2025-09-15,0.27,0.33
3596,2025-09-23,0.68,0.29
3611,2025-02-13,0.82,0.14
2515,2025-09-08,0.62,0.28
4963,2025-07-06,0.77,0.01
3511,2025-09-13,0.82,0.01
1554,2024-12-03,0.52,-0.07
4094,2025-03-06,0.57,0.02
3810,2025-10-10,0.61,0.16
425,2024-11-19,0.4,-0.32
1667,2024-11-30,0.27,-0.17
3275,2024-10-26,0.76,-0.03
756,2025-09-08,0.47,-0.41
2134,2025-03-18,0.72,0.32
2422,2025-06-18,0.32,-0.2
4105,2024-12-29,0.6,-0.45
1206,2025-09-07,0.26,-0.24
2887,2025-04-11,0.18,-0.46
1161,2025-02-14,0.51,-0.2
3545,2025-07-18,0.84,0.44
4331,2025-03-16,0.91,-0.23
1986,2025-10-01,0.11,0.33
4576,2025-02-07,0.29,-0.05
4551,2025-06-11,0.89,-0.07
3921,2025-06-19,0.62,-0.06
2082,2025-03-07,0.02,-0.08
1995,2025-03-14,0.06,-0.29
4805,2024-12-28,0.45,-0.3
2104,2025-09-17,0.23,-0.31
2355,2025-03-18,0.67,0.46
809,2025-09-13,0.56,-0.34
1001,2025-08-05,0.61,0.22
2820,2025-03-27,0.6,-0.07
1139,2025-09-01,0.88,0.42
1727,2025-01-09,0.28,-0.39
4607,2025-10-12,0.42,-0.2
2219,2025-01-20,0.2,-0.38
1629,2025-05-03,0.6,0.05
41,2024-11-03,0.7,0.33
2334,2025-05-31,0.6,-0.33
344,2025-07-16,0.21,0.31
3787,2025-08-01,0.66,-0.46
2015,2025-05-05,0.78,0.01
1129,2025-04-06,0.85,0.19
2588,2024-12-20,0.58,-0.05
1703,2025-06-12,0.03,0.04
3769,2025-02-25,0.29,-0.37
85,2025-02-26,0.16,-0.07
2133,2025-03-02,0.92,-0.34
3385,2025-05-07,0.18,0.33
4551,2025-04-02,0.77,0.09
2735,2024-10-24,0.79,0.35
3390,2024-11-20,0.01,-0.49
3319,2025-08-12,0.27,0.48
589,2025-06-05,0.25,0.35
1383,2025-03-21,0.93,-0.39
3818,2025-01-27,0.57,0.21
75,2024-10-29,0.99,-0.41
1032,2025-08-23,0.59,-0.5
3993,2025-06-17,0.14,0.13
4047,2024-11-04,0.01,0.34
2204,2025-09-20,0.39,-0.09
2823,2025-10-05,0.73,-0.22
1553,2025-02-07,0.14,-0.15
2542,2025-09-12,0.01,0.49
3976,2025-08-01,0.39,0.13
1771,2024-10-29,0.84,-0.02
2756,2024-12-26,0.22,-0.37
4234,2025-01-03,0.38,-0.31
898,2025-06-10,0.57,-0.41
1728,2024-10-27,0.15,-0.31
1821,2025-08-10,0.58,0.28
1014,2025-02-15,0.26,-0.49
675,2025-03-07,0.82,-0.23
1683,2025-01-14,0.11,0.28
1071,2025-09-26,0.14,0.44
2878,2025-05-11,0.25,0.19
2720,2025-09-27,0.08,-0.01
489,2025-04-19,0.32,0.21
2341,2024-11-23,0.84,0.43
4686,2025-10-02,0.68,-0.04
2664,2025-03-28,0.64,0.29
739,2025-03-06,0.93,0.41
2356,2025-01-22,0.33,-0.36
710,2025-03-18,0.78,0.0
1120,2025-10-10,0.18,-0.01
2446,2024-12-09,0.01,-0.49
2979,2025-06-18,0.12,-0.47
2745,2025-04-15,0.92,-0.38
4490,2025-01-12,0.04,0.29
3648,2024-11-04,0.37,-0.36
2806,2025-09-02,0.33,-0.13
3479,2025-04-18,0.17,-0.06
1212,2025-02-09,0.04,0.07
4846,2025-10-04,0.69,0.25
1234,2025-04-20,0.42,0.32
3535,2025-09-27,0.03,-0.38
2560,2025-10-09,0.66,-0.03
798,2025-04-13,0.41,0.29
30,2025-03-24,0.36,0.45
4415,2025-01-06,0.76,-0.06
2552,2025-01-21,0.3,-0.06
3189,2025-08-24,0.3,-0.42
2294,2024-12-07,0.31,0.4
1223,2025-08-03,0.75,-0.23
3734,2025-02-07,0.64,-0.12
3291,2024-12-24,0.62,-0.49
3748,2024-12-08,0.68,0.48
2986,2025-06-28,0.57,0.33
1158,2025-05-11,0.26,-0.04
3214,2025-04-13,0.98,-0.45
1115,2025-01-24,0.02,0.24
326,2025-03-04,0.26,0.39
2826,2025-06-29,0.28,-0.46
3964,2025-05-14,0.61,-0.46
1911,2025-01-07,0.19,0.05
3159,2025-03-28,0.66,-0.39
1904,2025-08-06,0.46,0.12
681,2025-04-29,0.35,0.04
3524,2025-05-28,0.66,-0.06
4122,2024-11-21,0.9,0.5
72,2024-12-30,0.0,-0.46
69,2025-01-21,0.5,-0.41
2277,2025-08-13,0.51,0.21
705,2024-11-26,0.0,-0.44
3741,2024-12-09,0.04,-0.04
4593,2024-12-03,0.2,-0.49
2042,2025-06-01,0.95,0.16
1412,2025-10-02,0.46,0.39
2634,2025-04-11,0.5,-0.06
3644,2024-11-20,0.7,-0.12
1272,2025-01-16,0.1,0.24
3894,2025-01-15,0.45,-0.04
2387,2024-10-26,0.58,0.35
1039,2025-09-06,0.98,0.0
28,2024-10-25,0.21,0.07
4010,2025-05-28,0.03,-0.4
2650,2025-04-06,0.07,-0.48
3823,2025-08-20,0.53,-0.06
3920,2025-07-30,0.51,-0.22
3310,2024-11-21,0.1,0.2
2650,2025-05-12,0.2,0.23
3430,2025-02-27,0.57,-0.25
4998,2025-01-06,0.2,-0.39
1232,2025-08-24,0.76,-0.22
3830,2025-05-30,0.82,-0.21
2949,2025-03-30,0.29,0.02
253,2025-06-21,0.2,0.48
310,2025-05-29,0.24,-0.22
3795,2025-10-02,0.26,-0.37
582,2025-06-28,0.16,0.25
2301,2025-03-09,0.85,-0.17
858,2025-05-27,0.45,0.33
2562,2024-10-18,0.52,-0.34
3488,2025-08-12,0.92,-0.16
281,2024-11-24,0.36,0.07
2025,2025-07-31,0.22,0.12
3985,2025-08-13,0.21,-0.21
4734,2024-12-08,0.13,0.44
1755,2024-11-09,0.8,0.27
2508,2025-06-30,0.97,0.36
251,2025-01-10,0.05,-0.16
3682,2025-04-28,0.04,0.39
4999,2025-09-30,0.16,0.35
1035,2025-09-07,0.52,0.19
1339,2024-11-22,0.51,-0.3
586,2025-08-24,0.87,0.37
4079,2025-05-05,0.0,0.36
1384,2025-04-01,0.43,0.16
4425,2024-12-19,0.26,0.33
1977,2025-07-28,0.01,0.03
3195,2025-07-03,0.97,0.22
439,2025-07-29,0.79,0.21
2908,2025-08-02,0.28,-0.06
1342,2024-10-27,0.47,0.17
4660,2025-02-15,0.98,0.4
4039,2025-08-16,0.37,-0.27
49,2025-02-07,0.82,-0.28
2873,2025-02-08,0.53,-0.18
3133,2025-09-08,0.87,-0.18
1607,2025-06-06,0.13,0.48
1200,2025-03-10,0.88,0.37
4998,2025-09-20,0.3,0.09
189,2025-02-19,0.88,0.43
3445,2025-01-20,0.51,0.48
2548,2025-07-29,0.74,0.16
4257,2025-07-09,0.22,0.38
4598,2025-09-22,0.55,-0.5
3180,2024-12-16,0.55,-0.41
246,2025-08-21,0.03,0.19
306,2025-08-28,0.24,-0.31
3207,2024-12-04,0.88,-0.49
3877,2024-10-30,0.58,0.32
1065,2025-07-31,0.14,0.42
1257,2025-06-06,0.87,0.01
2189,2024-12-13,0.92,0.32
4671,2025-03-03,0.33,0.28
1454,2025-01-18,0.68,0.37
3931,2025-09-10,0.62,-0.41
1859,2025-07-28,0.5,0.37
2958,2025-03-16,0.3,-0.09
894,2025-05-19,0.01,-0.49
1934,2025-09-10,0.65,-0.17
449,2024-11-02,0.48,-0.01
758,2025-08-06,0.96,0.47
3128,2024-10-19,0.91,-0.12
3507,2025-08-07,0.88,0.39
2025,2025-06-22,0.31,-0.15
3980,2025-07-11,0.93,-0.47
3986,2025-03-19,0.91,0.45
3486,2025-05-12,0.65,-0.42
3413,2025-06-17,0.29,-0.39
3706,2025-07-14,0.12,0.49
4514,2024-11-08,0.96,0.27
3475,2025-01-12,0.73,-0.02
4188,2025-04-25,0.06,0.1
3561,2025-06-08,0.55,-0.24
3901,2025-09-14,0.71,0.22
3482,2025-05-17,0.25,0.13
2385,2024-10-26,0.7,-0.36
2592,2025-05-06,0.38,0.33
3651,2025-04-17,0.83,-0.35
4229,2025-02-13,0.03,-0.22
309,2025-04-27,0.26,0.4
1179,2025-04-15,0.11,0.31
1499,2024-12-21,0.99,0.39
3442,2025-10-11,0.38,0.21
21,2025-07-23,0.1,0.11
4491,2025-02-09,0.0,-0.41
2789,2025-01-08,0.82,-0.34
4393,2025-06-05,0.23,0.37
691,2025-02-19,0.15,0.13
1764,2025-07-20,0.96,0.2
2373,2025-02-24,0.42,0.47
2790,2025-10-13,0.65,0.12
4745,2025-01-17,0.92,0.12
3620,2025-04-03,0.21,0.47
2565,2025-05-19,0.09,-0.06
2361,2025-05-29,0.74,0.12
1931,2025-05-17,0.25,0.32
737,2024-10-28,0.22,0.17
1066,2025-08-30,0.41,-0.27
1893,2025-07-24,0.37,-0.38
3522,2024-11-13,0.99,-0.45
3528,2025-04-09,0.2,0.38
2801,2025-04-30,0.52,-0.27
3177,2025-02-19,0.41,-0.37
1975,2025-05-20,0.06,-0.18
4117,2025-10-16,0.34,0.03
4424,2025-05-20,0.3,-0.29
3758,2025-07-09,0.71,-0.04
844,2025-09-21,0.83,-0.37
638,2025-07-13,0.53,-0.29
2824,2025-07-23,0.48,0.16
405,2025-08-13,0.45,-0.09
3363,2025-04-14,0.89,0.08
975,2025-10-14,0.35,0.34
4503,2025-07-09,0.33,-0.17
2268,2025-09-19,0.9,0.3
85,2025-08-28,0.94,-0.13
2405,2025-02-26,0.76,0.24
4281,2025-01-09,0.05,-0.19
278,2025-09-07,0.32,0.19
382,2024-10-18,0.74,0.37
2948,2025-02-16,0.25,0.38
4672,2024-11-03,1.0,-0.08
3271,2025-07-15,0.66,-0.22
4295,2024-11-09,0.62,-0.15
3359,2025-08-20,0.24,0.12
1310,2025-02-26,0.53,-0.46
2255,2025-03-27,0.61,0.24
664,2025-01-04,0.58,-0.28
1112,2025-05-15,0.55,-0.48
4416,2025-04-16,0.15,-0.28
333,2024-11-14,0.57,0.37
1538,2024-11-03,0.45,-0.02
3401,2024-11-17,0.06,-0.23
1597,2025-07-03,0.9,-0.47
2407,2025-09-09,0.7,0.26
4783,2024-10-17,0.26,0.22
4384,2025-06-19,0.44,-0.09
4424,2024-11-23,0.32,0.28
4825,2025-06-18,0.46,-0.4
4433,2025-02-17,0.57,-0.17
528,2025-07-02,0.05,-0.29
4761,2025-09-24,0.46,0.45
2266,2024-10-23,0.69,-0.28
1453,2025-03-30,0.87,0.12
1122,2025-06-18,0.27,0.46
1405,2024-12-17,0.78,0.08
469,2024-12-15,0.29,-0.33
1343,2025-04-06,0.71,0.49
2093,2025-06-26,0.73,-0.24
2142,2025-08-11,0.83,0.22
4757,2025-06-01,0.33,0.23
3726,2025-03-10,0.76,0.42
3128,2024-12-24,0.88,0.37
2142,2025-02-03,0.09,0.1
1863,2025-06-16,0.18,0.29
2925,2025-06-17,0.76,-0.13
34,2025-02-28,0.42,0.38
527,2025-05-06,0.57,0.04
1277,2025-01-11,0.59,0.3
1623,2025-09-06,0.94,0.39
1845,2025-05-04,0.47,-0.44
386,2025-03-23,0.43,0.02
2513,2024-11-19,0.12,0.06
2136,2025-05-17,0.79,-0.14
3286,2024-12-31,0.68,-0.16
2340,2025-05-17,0.92,0.19
1311,2025-03-05,0.34,-0.23
2554,2024-12-18,0.02,-0.42
2563,2025-10-03,0.01,0.47
3959,2025-03-25,0.71,-0.28
3098,2024-10-22,0.23,0.0
953,2025-08-13,0.22,-0.17
4967,2025-01-08,0.88,0.01
3271,2025-07-09,0.45,0.25
4683,2025-07-25,0.06,0.46
230,2025-06-22,0.67,-0.25
2039,2025-09-10,0.31,0.06
2670,2025-08-30,0.63,-0.11
4080,2025-07-30,0.63,-0.49
1292,2025-01-26,0.79,0.43
3938,2025-07-27,0.39,0.07
4991,2025-04-27,0.24,-0.21
2960,2025-05-14,0.03,-0.09
1913,2025-02-17,0.64,0.2
1894,2025-02-15,0.0,0.3
3715,2025-07-23,0.81,0.34
450,2025-02-14,0.32,0.12
3813,2025-02-14,0.37,-0.15
2279,2025-04-24,0.44,-0.28
558,2025-02-05,0.52,0.25
1341,2025-04-22,0.35,0.02
2902,2025-07-05,0.85,0.04
855,2024-11-11,0.84,-0.17
4597,2025-02-25,0.52,0.26
1571,2025-02-07,0.1,0.15
2333,2025-06-14,0.09,-0.41
2097,2025-05-06,0.73,0.41
3124,2025-04-04,0.91,0.47
3247,2025-07-10,0.95,-0.13
534,2025-03-21,0.49,0.5
387,2025-04-14,0.27,-0.37
4609,2025-09-21,0.39,0.38
4002,2025-10-09,0.75,0.33
2702,2025-02-24,0.34,-0.37
4989,2025-05-30,0.95,-0.28
1383,2024-10-27,0.84,0.3
160,2025-10-03,0.11,-0.44
2167,2024-11-04,0.24,-0.33
2065,2024-12-05,0.93,-0.2
4271,2025-06-08,0.32,-0.19
1647,2025-02-21,0.72,0.42
1119,2024-12-07,0.73,-0.01
2324,2025-06-29,0.34,0.49
71,2025-05-19,0.13,0.4
804,2024-12-12,0.82,-0.21
4491,2025-07-10,0.73,-0.02
793,2025-08-07,0.35,-0.06
4612,2025-08-27,1.0,-0.11
1472,2025-08-21,0.61,-0.43
1061,2025-07-30,0.49,-0.34
4093,2025-01-14,0.32,-0.46
939,2025-02-04,0.86,0.29
3105,2025-04-14,0.4,-0.27
2211,2025-02-12,0.78,-0.45
490,2025-06-27,0.92,0.05
3672,2024-12-28,0.89,0.47
1266,2025-07-21,0.32,-0.09
488,2025-08-29,0.42,0.17
4274,2025-02-12,0.07,-0.28
3388,2025-04-21,0.74,-0.11
3502,2024-10-18,0.86,0.46
4670,2025-03-18,0.17,-0.38
4536,2025-08-09,0.75,0.38
557,2025-04-14,0.57,-0.28
2516,2025-03-18,0.92,-0.49
1677,2025-06-13,0.73,0.23
3582,2024-11-07,0.94,0.15
327,2024-12-06,0.02,0.47
3459,2025-09-19,0.01,-0.12
127,2025-07-28,0.05,0.15
3802,2025-09-03,0.27,-0.02
342,2025-03-24,0.3,0.31
2351,2025-01-20,0.25,-0.43
699,2025-05-22,1.0,0.22
2653,2025-06-02,0.26,0.41
2146,2025-03-17,0.71,-0.22
3832,2025-07-08,0.19,-0.31
3950,2025-05-12,0.93,0.34
500,2025-02-04,0.48,0.2
2157,2025-02-11,0.2,-0.01
146,2025-06-02,0.6,0.4
2744,2025-03-19,0.2,-0.13
3295,2025-02-18,0.55,0.01
4001,2025-07-29,0.87,0.33
540,2024-10-18,0.28,-0.3
4869,2025-02-11,0.02,-0.24
184,2025-02-25,0.4,-0.4
4495,2024-11-25,0.57,-0.15
493,2025-02-10,0.52,0.11
3151,2025-08-07,0.63,-0.39
1616,2024-10-31,0.26,-0.29
332,2025-05-21,0.83,-0.06
2619,2025-03-25,0.33,0.04
4550,2025-06-01,0.52,0.03
1275,2025-07-03,0.93,-0.0
1284,2025-03-05,0.84,0.06
2422,2025-05-23,0.67,-0.16
3247,2025-02-24,0.19,0.01
3584,2025-09-26,0.62,-0.44
2229,2025-06-11,0.17,0.2
103,2024-12-14,0.34,-0.22
4145,2025-05-16,0.53,0.07
3877,2024-11-25,0.89,0.25
670,2025-01-05,0.24,-0.1
3278,2025-05-21,0.35,0.19
4584,2025-08-03,0.51,0.02
3046,2025-03-17,0.03,-0.15
2441,2025-08-20,0.73,0.3
3042,2025-02-11,0.56,-0.36
1286,2025-05-03,0.65,0.21
3594,2024-12-09,0.9,0.36
3174,2025-10-17,0.03,-0.39
661,2025-04-23,0.52,0.13
1348,2024-11-21,0.89,-0.46
2744,2024-11-29,0.76,0.45
2817,2025-03-24,0.94,0.45
3416,2025-04-18,0.23,-0.18
4172,2025-06-09,0.02,-0.47
4994,2025-05-01,0.52,0.09
3800,2025-04-30,0.49,-0.31
3718,2025-01-07,0.98,0.38
2175,2025-07-27,0.66,-0.5
3226,2025-03-25,0.59,-0.08
328,2025-07-18,0.27,-0.18
2554,2025-07-24,0.1,0.33
3627,2024-12-15,0.49,-0.39
3916,2025-06-27,0.44,-0.23
4625,2025-09-08,0.54,0.29
1551,2025-01-02,0.84,-0.24
3704,2025-04-12,0.49,-0.19
405,2024-11-13,0.83,0.09
4247,2025-10-06,0.92,-0.38
373,2025-08-05,0.2,-0.43
4060,2025-06-05,0.91,-0.31
3645,2024-11-12,0.11,-0.25
3766,2024-10-19,0.0,0.49
1279,2025-03-29,0.9,-0.27
3438,2024-11-15,0.42,0.28
2176,2025-01-12,0.68,-0.36
752,2024-11-16,0.11,-0.06
1463,2024-11-10,0.58,-0.02
1368,2025-09-30,0.68,-0.09
2616,2025-09-15,0.35,0.07
15,2025-06-23,0.34,0.05
3934,2025-08-18,0.06,0.46
2198,2025-01-16,0.72,0.45
3133,2025-04-28,0.81,0.39
4854,2025-01-17,0.06,0.42
4211,2025-07-23,0.86,-0.39
2044,2024-12-23,0.88,0.09
3819,2025-06-05,0.04,0.1
824,2025-04-19,0.49,0.14
3824,2024-12-12,0.46,-0.3
50,2025-02-10,0.03,-0.47
3739,2025-07-06,0.98,0.09
2882,2025-01-08,0.94,0.19
730,2025-03-17,0.66,0.28
3327,2025-05-10,0.47,-0.23
2803,2025-03-24,0.24,0.31
707,2024-10-20,0.51,-0.11
745,2025-10-02,0.23,0.26
1250,2025-06-09,0.18,0.07
1924,2024-11-05,0.71,-0.05
571,2025-09-22,0.81,-0.31
861,2025-02-16,0.11,-0.28
3785,2025-07-06,0.84,-0.08
1341,2025-02-15,0.93,-0.18
380,2025-07-02,0.33,-0.32
4494,2025-06-06,0.27,-0.4
2350,2025-06-05,0.23,0.49
1840,2025-06-22,0.06,0.13
553,2025-04-18,0.13,0.23
787,2025-05-31,0.01,0.3
117,2025-03-26,0.65,-0.03
2373,2025-08-06,0.14,0.26
2042,2025-01-08,0.3,-0.02
25,2025-02-10,0.76,-0.12
3457,2025-03-21,0.44,-0.37
4489,2025-04-21,0.12,-0.16
3628,2025-08-14,0.02,-0.04
3408,2025-03-24,0.31,0.38
1070,2025-04-24,0.77,0.16
3968,2025-08-06,0.95,-0.31
523,2024-11-21,0.81,-0.13
3915,2025-06-17,0.79,0.12
108,2025-10-16,0.29,0.41
4938,2025-07-04,0.66,0.03
1494,2025-08-16,0.22,0.19
2068,2024-11-12,0.99,0.22
3247,2024-11-09,0.04,0.32
351,2025-07-17,0.6,-0.26
437,2025-04-05,0.64,-0.33
4624,2024-12-17,0.08,-0.17
3092,2024-12-13,0.15,-0.2
1581,2025-07-28,0.71,0.33
731,2025-04-09,0.35,-0.12
2573,2025-04-06,0.29,0.21
36,2025-03-25,0.55,-0.22
1872,2025-09-28,0.29,0.13
2905,2025-01-31,0.61,0.07
196,2025-01-10,0.0,-0.27
2193,2025-07-28,0.22,-0.19
1354,2025-03-07,0.45,-0.21
2276,2025-02-12,0.03,0.48
294,2025-08-25,1.0,-0.2
3753,2025-07-27,0.77,0.29
4541,2025-03-01,0.15,-0.23
3042,2025-03-13,0.46,-0.01
3352,2025-04-30,0.53,0.47
3890,2025-01-29,0.44,-0.28
1736,2025-02-28,0.47,0.21
718,2025-01-16,0.55,-0.35
2275,2025-10-04,0.76,-0.15
3226,2025-02-04,0.49,-0.43
1662,2025-06-21,0.64,-0.0
449,2025-01-29,0.98,0.27
2686,2025-09-06,0.61,-0.14
1441,2024-11-20,0.46,0.42
2688,2024-12-30,0.59,0.32
541,2025-03-11,0.36,0.08
199,2024-12-01,0.82,-0.0
2260,2025-04-10,0.28,0.07
4013,2024-11-25,0.7,-0.18
547,2025-09-12,0.46,-0.32
4920,2025-01-16,0.25,0.06
4038,2025-03-05,0.21,-0.34
426,2025-07-18,0.02,-0.13
1480,2025-08-16,0.95,0.49
4503,2025-06-08,0.79,0.06
1288,2025-09-18,0.89,-0.48
3363,2025-05-22,0.61,0.05
2118,2025-03-20,0.8,-0.2
3207,2025-04-18,0.83,0.47
32,2025-07-08,0.41,-0.26
3665,2024-11-04,0.77,-0.06
2689,2024-11-20,0.99,0.23
1610,2025-06-16,0.44,-0.34
2132,2025-08-08,0.5,-0.22
880,2024-10-20,0.9,0.48
3309,2025-07-03,0.55,-0.42
3904,2025-04-22,0.79,0.02
2432,2025-05-26,0.74,0.44
4174,2025-01-05,0.4,-0.3
4436,2024-11-01,0.66,0.08
2551,2025-07-09,0.16,0.39
1395,2025-09-10,0.93,0.38
354,2025-01-18,0.17,-0.3
3471,2024-12-28,0.82,-0.26
1552,2025-08-04,0.43,-0.38
4798,2025-06-01,0.67,-0.27
2064,2025-04-23,0.09,-0.45
2601,2025-06-23,0.78,0.28
3747,2025-03-11,0.46,-0.02
517,2025-08-06,0.04,0.11
1963,2025-03-31,0.87,0.24
2,2025-04-16,0.09,0.25
3403,2024-12-03,0.41,0.22
275,2024-12-03,0.42,0.08
3552,2025-04-03,0.66,-0.46
4340,2025-10-16,0.31,0.4
4438,2024-11-29,0.23,0.26
3241,2024-12-30,0.91,-0.5
2679,2025-02-21,0.99,0.14
1890,2025-02-26,0.96,-0.08
1562,2025-08-08,0.17,-0.09
4696,2025-01-01,0.44,0.29
4671,2025-08-08,0.1,-0.45
716,2025-08-31,0.17,0.22
2567,2025-04-23,0.1,0.08
328,2024-10-18,0.18,0.31
2011,2025-07-16,0.06,-0.44
361,2025-05-24,0.24,0.11
3869,2025-09-20,0.14,0.32
14,2024-10-27,0.56,0.09
3391,2025-07-08,0.33,-0.24
4772,2025-05-28,0.17,0.02
2956,2024-12-03,0.63,0.13
650,2025-04-06,0.81,-0.16
4897,2024-11-26,0.95,0.11
2325,2025-04-26,0.74,0.14
1100,2025-07-22,0.52,0.48
1762,2025-06-13,0.64,-0.23
2216,2024-10-17,0.21,-0.11
1473,2025-07-11,0.26,-0.3
4875,2025-02-20,0.44,-0.04
1268,2024-11-16,0.24,0.49
699,2025-08-16,0.05,0.01
1559,2024-12-22,0.73,0.38
1622,2025-01-15,0.95,0.34
3497,2025-01-07,0.09,-0.14
1332,2025-04-12,0.91,0.38
3209,2025-08-23,0.63,0.05
157,2025-05-30,0.87,0.37
1760,2025-08-19,0.55,-0.09
2154,2025-02-07,0.44,-0.27
4407,2025-08-13,0.65,-0.12
2599,2025-02-21,0.51,0.06
2901,2024-12-28,0.64,-0.19
2755,2025-07-03,0.07,0.38
80,2025-04-26,0.42,0.04
2326,2025-01-31,0.57,0.34
4854,2025-09-17,0.97,-0.42
4078,2025-09-21,0.79,-0.3
452,2025-09-06,0.81,-0.1
597,2025-06-24,0.01,0.14
408,2025-06-30,0.24,-0.07
3822,2025-06-11,0.9,0.31
2258,2025-07-12,0.53,-0.03
2794,2025-05-20,0.49,0.41
3806,2025-06-25,0.77,0.16
4176,2025-08-24,0.31,-0.08
2362,2025-07-07,0.72,-0.3
1455,2025-01-26,0.24,0.01
2601,2025-09-28,0.47,-0.44
2156,2025-09-13,0.41,0.38
3644,2025-07-23,0.63,0.25
3965,2025-02-24,0.18,-0.44
759,2025-02-19,0.33,-0.23
2833,2024-11-08,0.37,-0.3
3762,2025-04-12,0.37,0.49
125,2025-08-07,0.68,0.41
4256,2025-05-20,0.74,-0.35
3453,2025-05-27,0.13,0.47
4117,2024-12-20,0.66,-0.16
3943,2025-05-10,0.28,-0.12
3484,2025-08-09,0.4,0.1
4161,2025-07-07,0.12,-0.47
4507,2025-07-08,0.63,0.16
1917,2024-11-23,0.99,-0.16
551,2025-02-08,0.46,0.01
3867,2025-06-15,0.41,-0.36
3317,2025-09-15,0.67,0.37
509,2025-03-18,0.88,0.28
2143,2024-11-13,0.24,0.46
424,2025-09-09,0.07,-0.22
3251,2025-09-22,0.91,-0.21
1618,2025-05-24,0.24,0.19
4293,2025-02-17,0.74,-0.21
3525,2025-09-14,0.59,0.35
4711,2025-05-14,0.39,-0.28
2910,2025-05-11,0.79,0.09
4742,2025-10-16,0.55,0.05
3153,2025-05-06,0.9,-0.38
4813,2025-06-17,0.3,0.08
4106,2025-07-27,0.29,0.34
2039,2025-02-22,0.66,0.28
3020,2025-06-19,0.28,-0.37
3556,2024-10-28,0.34,0.49
1407,2025-02-21,0.08,-0.29
4699,2025-08-20,0.66,0.15
2844,2025-04-18,0.38,-0.35
2383,2025-05-21,0.57,-0.29
2863,2024-12-02,0.41,0.24
179,2025-03-17,0.37,0.25
3930,2025-01-08,0.75,-0.33
4938,2025-03-08,0.09,0.07
2445,2025-07-28,0.58,-0.49
2335,2025-01-03,0.15,0.04
4012,2025-01-31,0.04,-0.24
2298,2025-02-16,0.39,-0.41
128,2025-01-14,0.46,0.38
4428,2025-06-14,0.34,0.14
1518,2025-08-13,0.14,-0.07
4983,2024-10-29,0.87,-0.08
4009,2025-07-02,0.17,0.03
3010,2025-05-09,0.83,-0.15
1156,2025-03-20,0.37,-0.0
3106,2024-12-04,0.41,-0.4
3452,2024-11-10,0.66,0.33
3847,2025-08-16,0.75,-0.04
1746,2025-09-02,0.12,0.12
2306,2025-06-10,0.57,-0.4
3674,2025-10-08,0.69,-0.34
4755,2025-08-02,0.12,0.1
4912,2024-11-03,0.86,0.28
4470,2025-04-30,0.22,-0.3
618,2025-04-14,0.94,0.25
4495,2025-02-21,0.75,0.49
4901,2025-06-16,0.93,-0.22
998,2024-12-03,0.94,-0.12
2142,2025-06-12,0.21,0.21
537,2025-03-31,0.51,0.11
2796,2025-03-27,0.11,0.45
3557,2024-12-31,0.85,0.46
1715,2025-03-22,0.34,-0.09
4248,2025-01-17,0.51,-0.08
1373,2025-03-22,0.54,-0.09
3612,2025-07-29,0.31,0.14
70,2024-12-12,0.47,0.08
4510,2025-01-04,0.52,-0.22
1038,2025-09-11,0.77,-0.03
2749,2024-10-25,0.32,0.32
2127,2025-10-12,0.02,-0.34
3286,2025-01-26,0.82,-0.32
2305,2025-09-14,0.7,-0.23
3902,2025-06-06,0.93,0.34
251,2025-01-23,0.52,-0.48
4993,2025-05-03,0.27,0.33
3459,2025-01-08,0.4,-0.26
1812,2025-02-21,0.8,-0.31
1298,2025-05-01,0.44,-0.49
3021,2025-02-11,0.43,-0.34
2886,2025-05-22,0.06,-0.01
3953,2025-01-19,0.83,-0.14
1255,2025-05-16,0.26,-0.31
3066,2024-12-24,0.4,0.36
988,2025-07-30,0.33,0.42
555,2025-02-05,0.99,0.35
1882,2025-04-14,0.18,-0.27
69,2025-09-13,0.01,0.07
4757,2025-02-25,0.27,-0.03
364,2025-02-09,0.1,-0.11
2211,2025-08-18,0.35,-0.37
3005,2024-11-01,0.43,0.5
150,2025-08-20,0.74,-0.35
944,2025-07-22,0.71,0.3
3462,2024-12-30,0.67,0.28
3576,2024-10-22,0.72,0.11
526,2025-06-09,0.21,-0.15
1844,2025-03-25,0.15,0.29
1640,2025-05-05,0.6,0.08
4320,2024-12-18,0.57,0.13
306,2025-09-25,0.1,0.24
721,2025-03-21,0.5,-0.31
3459,2025-09-23,0.54,-0.3
3517,2025-03-15,0.66,-0.42
4144,2025-07-07,0.53,0.33
310,2024-10-31,0.13,0.02
2876,2025-03-31,0.57,-0.4
3556,2025-06-28,0.78,-0.24
289,2024-11-06,0.07,-0.28
754,2024-12-18,0.46,0.16
1393,2025-08-15,0.14,-0.07
1097,2025-04-03,0.47,0.2
249,2025-01-30,0.96,0.38
3368,2025-04-01,0.28,0.42
4260,2025-05-30,0.17,-0.31
2016,2025-06-04,0.98,-0.22
4381,2024-11-04,0.04,-0.29
2419,2025-01-01,0.48,0.49
3451,2025-02-21,0.17,0.11
3244,2025-08-17,0.5,-0.02
3854,2024-12-03,0.48,0.05
2082,2024-11-07,0.32,0.18
10,2024-12-27,0.77,0.4
2415,2024-12-27,0.48,-0.33
4298,2025-02-09,0.57,0.43
3520,2025-01-06,0.23,0.36
3808,2025-03-20,0.86,0.3
4226,2024-12-28,0.15,-0.41
2046,2024-11-03,0.19,-0.08
1880,2025-04-11,0.7,0.46
3467,2025-09-15,0.0,0.14
1266,2025-07-04,0.29,0.08
1834,2025-06-04,0.81,-0.2
4844,2025-09-12,0.4,0.16
2196,2025-03-03,0.19,-0.43
4047,2024-10-21,0.95,0.23
725,2025-08-25,0.96,0.23
4552,2024-12-01,0.1,0.49
147,2025-08-21,0.02,0.41
3456,2025-09-13,0.77,-0.01
4766,2025-07-26,0.86,-0.28
1924,2024-11-20,0.83,-0.13
940,2025-03-12,0.27,0.33
2815,2025-05-21,0.33,-0.14
613,2025-03-03,0.47,0.15
4260,2025-03-02,0.59,-0.3
1009,2025-06-18,0.15,-0.33
482,2025-01-20,0.26,-0.15
813,2025-04-14,0.22,-0.41
3459,2025-08-01,0.63,-0.4
2885,2024-11-18,0.62,-0.24
1623,2024-10-23,0.01,-0.3
3859,2025-10-07,0.41,0.42
1409,2025-08-31,0.77,0.1
4340,2025-02-23,0.38,-0.06
4650,2025-06-16,0.29,-0.38
276,2024-10-17,0.31,0.04
4401,2025-03-04,0.38,0.06
3538,2024-12-04,0.3,-0.5
4557,2025-09-24,0.58,0.1
653,2025-01-29,0.16,0.17
200,2025-06-16,0.41,0.23
221,2024-12-12,0.65,0.19
157,2025-05-19,0.78,0.31
3741,2024-12-23,0.49,0.19
3827,2025-05-18,0.58,-0.25
