borrower_id,sim_count,topup_freq,data_usage_mb,device_changes
1,1,14,1099,5
2,3,12,2036,3
3,1,24,466,2
4,3,7,361,0
5,1,20,3852,1
6,1,9,3235,0
7,1,29,3657,3
8,3,30,4454,3
9,2,31,3629,3
10,1,43,2871,0
11,2,40,1996,3
12,3,36,4848,3
13,3,17,2408,4
14,2,14,4784,0
15,1,27,2142,4
16,2,48,517,4
17,3,5,3899,0
18,1,23,2971,5
19,2,38,3754,3
20,1,46,627,5
21,2,49,4571,4
22,1,10,2174,4
23,3,22,191,4
24,3,28,1152,1
25,3,25,3769,1
26,2,13,1101,3
27,2,18,1655,3
28,1,44,1111,0
29,3,31,4153,4
30,3,36,4319,3
31,3,38,3267,4
32,3,43,159,4
33,2,49,3507,1
34,3,45,452,1
35,1,9,3249,5
36,1,23,2779,5
37,3,12,1789,2
38,1,30,1720,5
39,2,14,2743,4
40,1,13,4510,4
41,1,29,3969,4
42,2,40,2768,4
43,2,45,4547,4
44,1,33,2761,2
45,1,50,1249,5
46,2,45,1815,5
47,3,25,4238,1
48,2,19,1468,1
49,2,43,873,5
50,1,14,2939,2
51,3,12,3810,5
52,2,39,1670,0
53,2,45,2938,2
54,3,17,2972,4
55,2,35,2086,0
56,3,43,4610,5
57,3,28,3525,4
58,3,8,4795,3
59,1,26,863,3
60,2,7,202,5
61,3,17,4813,2
62,2,39,2831,2
63,1,20,2150,3
64,2,32,2437,3
65,1,23,258,0
66,1,42,3233,3
67,3,39,4339,5
68,1,37,3317,2
69,1,18,452,3
70,2,19,4152,1
71,2,25,1019,2
72,2,36,2103,3
73,2,12,497,5
74,3,46,2069,1
75,2,32,772,1
76,3,28,1836,2
77,3,21,3742,0
78,2,21,4900,0
79,1,47,3049,0
80,2,21,3939,1
81,1,31,4589,4
82,3,14,3723,4
83,3,31,2309,5
84,1,49,3044,4
85,2,15,373,1
86,2,40,4400,5
87,3,34,3140,5
88,3,45,2599,5
89,2,7,2493,2
90,1,48,1448,2
91,3,12,1285,4
92,1,49,4167,4
93,1,31,4326,3
94,2,19,1968,1
95,1,49,1928,2
96,1,39,4029,2
97,2,43,1272,5
98,2,17,4843,0
99,1,47,641,1
100,2,27,1949,2
101,3,48,640,0
102,1,5,1748,1
103,2,34,1207,0
104,2,32,3953,2
105,3,25,1826,4
106,3,11,3244,0
107,3,7,3831,1
108,3,46,1733,2
109,3,41,3352,4
110,1,17,4188,2
111,2,31,1799,0
112,2,14,3950,3
113,3,17,2723,3
114,2,21,1764,2
115,3,10,128,2
116,3,16,204,0
117,3,25,368,0
118,3,5,2332,3
119,3,48,4418,1
120,1,16,1054,2
121,3,24,1226,2
122,2,8,2695,5
123,1,7,1799,4
124,2,9,4229,1
125,3,34,1073,1
126,2,31,1546,5
127,1,11,2004,4
128,2,14,3936,3
129,3,23,1498,2
130,1,42,4751,2
131,2,37,1990,4
132,2,16,3031,0
133,3,29,3875,2
134,2,18,2601,4
135,2,33,2516,2
136,1,32,225,1
137,1,20,210,0
138,1,9,957,2
139,2,18,1853,1
140,2,35,2672,5
141,2,7,474,2
142,2,19,514,0
143,2,21,2626,4
144,3,15,3890,1
145,3,9,3233,1
146,2,11,4072,2
147,2,48,2242,2
148,1,46,1274,5
149,2,35,1573,4
150,1,35,4049,1
151,3,10,4002,0
152,3,19,2081,3
153,1,22,147,4
154,1,7,3516,3
155,2,35,1137,5
156,3,46,436,3
157,2,23,3102,5
158,2,30,1166,5
159,2,22,4255,3
160,2,39,202,5
161,3,44,1521,2
162,1,38,675,2
163,3,6,222,0
164,3,10,1736,3
165,1,33,3350,2
166,2,35,1215,2
167,2,20,4404,0
168,1,33,3645,4
169,2,18,3720,1
170,3,9,795,3
171,3,38,3390,5
172,1,42,2385,3
173,1,42,1472,2
174,2,12,3050,5
175,1,37,2771,2
176,1,19,4870,3
177,1,24,4621,4
178,1,16,2672,1
179,2,16,373,0
180,1,14,4461,2
181,3,21,4245,2
182,1,21,3805,1
183,2,27,4152,4
184,2,36,612,3
185,3,12,2072,1
186,2,27,4762,2
187,1,10,242,4
188,1,30,2154,5
189,2,38,3565,4
190,1,5,2539,2
191,2,15,832,2
192,1,38,4634,0
193,2,27,1025,5
194,1,31,215,0
195,3,8,3796,1
196,2,26,4147,4
197,3,27,3998,1
198,1,9,2980,2
199,3,15,2436,3
200,1,9,3704,0
201,2,48,4563,2
202,3,23,687,3
203,2,34,2081,5
204,2,24,2225,0
205,2,49,2150,1
206,1,22,3754,5
207,3,43,4084,2
208,3,13,3880,0
209,1,19,4660,5
210,2,26,3646,5
211,3,25,2642,1
212,2,13,1213,4
213,1,14,1831,4
214,1,7,333,4
215,2,35,760,4
216,3,20,2410,1
217,2,30,3574,0
218,1,8,3248,4
219,2,28,1912,4
220,1,40,3902,1
221,3,15,3093,2
222,3,41,2540,0
223,1,19,1655,5
224,3,30,1749,2
225,2,46,1214,4
226,1,15,2788,3
227,1,35,1136,2
228,1,42,4918,3
229,3,43,2880,2
230,1,50,920,4
231,1,22,2841,3
232,2,29,1033,4
233,1,39,2411,0
234,2,18,3631,5
235,1,24,568,4
236,2,48,2785,3
237,3,44,3762,2
238,2,48,3711,2
239,1,12,3254,5
240,3,40,1043,1
241,2,29,1808,2
242,2,8,2509,3
243,2,9,4441,2
244,3,14,323,3
245,3,35,4182,0
246,2,23,1300,2
247,2,39,713,1
248,2,16,3436,4
249,1,17,581,0
250,1,45,3877,0
251,3,7,2604,2
252,3,32,1886,4
253,3,26,2381,1
254,1,18,2767,4
255,3,8,1555,4
256,2,47,2478,3
257,2,12,1176,4
258,2,20,883,1
259,3,16,138,0
260,3,23,3311,4
261,2,19,642,5
262,2,17,2589,0
263,1,7,4117,2
264,2,5,763,0
265,3,32,414,0
266,2,11,4700,0
267,2,18,3044,4
268,1,12,2005,3
269,1,39,4785,5
270,1,19,954,3
271,1,17,2495,4
272,2,9,3542,2
273,1,17,2945,3
274,1,49,3476,2
275,3,45,1317,3
276,1,27,1854,3
277,3,15,4946,1
278,1,5,2642,5
279,1,14,1926,5
280,2,29,2098,2
281,1,14,4542,3
282,1,33,4538,5
283,2,43,1757,3
284,2,29,974,5
285,2,8,557,4
286,1,32,3876,5
287,2,26,1882,1
288,3,37,4611,3
289,1,34,820,2
290,3,45,3126,3
291,3,19,3043,0
292,2,38,4777,0
293,3,46,751,0
294,3,50,712,4
295,1,33,4534,1
296,3,34,458,2
297,1,17,2002,2
298,3,8,2445,2
299,3,26,4080,5
300,3,14,1591,2
301,1,36,2078,5
302,1,39,3878,3
303,2,8,3310,0
304,2,22,2951,4
305,3,34,4364,3
306,2,37,4868,5
307,3,11,970,4
308,2,15,405,3
309,1,32,3833,5
310,1,42,402,1
311,1,48,4445,0
312,2,28,1627,3
313,2,28,3590,2
314,2,12,3590,0
315,3,12,2769,5
316,3,24,3050,0
317,1,49,1839,4
318,3,9,3508,1
319,1,12,3667,5
320,3,16,165,1
321,1,20,3777,5
322,1,49,4416,0
323,1,18,4327,3
324,3,32,1105,2
325,3,38,2145,1
326,3,34,1908,4
327,1,27,4598,4
328,2,37,1751,1
329,1,15,1995,2
330,2,50,4205,2
331,2,24,3649,5
332,1,26,2567,2
333,1,40,2371,4
334,2,33,1790,5
335,1,30,2555,5
336,2,29,1123,2
337,3,18,2692,0
338,1,23,302,2
339,1,36,3464,2
340,2,14,3475,4
341,3,18,4923,3
342,2,48,3204,3
343,2,45,2505,0
344,1,47,1174,1
345,1,5,4885,0
346,3,24,243,5
347,3,13,3684,4
348,1,30,4598,2
349,2,9,1428,1
350,3,29,1841,2
351,2,23,3318,0
352,1,30,626,2
353,1,19,2028,0
354,3,38,4326,0
355,2,39,401,5
356,3,27,3625,5
357,2,26,4984,0
358,1,41,2281,4
359,3,14,4590,3
360,1,16,2340,4
361,1,14,4109,5
362,2,24,4726,1
363,2,45,4891,3
364,1,28,4400,4
365,3,10,3961,5
366,1,13,1517,0
367,2,46,1787,0
368,2,40,4072,1
369,1,18,451,5
370,3,40,126,3
371,1,7,490,0
372,2,30,3843,1
373,3,19,1897,3
374,3,24,2317,3
375,3,37,4110,3
376,1,37,2119,4
377,2,19,2586,5
378,3,21,4551,1
379,2,40,3112,0
380,1,12,1121,3
381,2,15,3722,2
382,1,42,4762,0
383,1,26,852,2
384,2,9,1734,5
385,3,35,243,1
386,2,25,3224,4
387,1,24,4392,4
388,1,7,2097,0
389,2,19,4867,4
390,1,19,1704,5
391,3,45,1954,2
392,1,49,2729,3
393,2,49,3903,2
394,1,38,4573,5
395,1,32,3981,5
396,2,10,3217,2
397,3,8,4714,0
398,2,36,4618,3
399,2,33,2668,2
400,3,34,4686,4
401,2,46,1424,1
402,1,23,3536,3
403,1,7,1506,4
404,1,6,3509,4
405,2,40,3667,4
406,3,49,1735,2
407,3,34,2502,4
408,2,18,1835,5
409,1,33,4199,1
410,1,24,1783,3
411,3,8,744,4
412,1,37,2804,1
413,3,49,507,3
414,2,40,1335,1
415,1,19,260,0
416,2,42,2042,2
417,1,11,1469,5
418,1,24,1466,2
419,3,24,2482,1
420,3,50,2945,5
421,3,16,4304,1
422,3,26,1417,3
423,3,30,262,1
424,1,16,3123,4
425,3,5,1405,5
426,3,7,1275,2
427,3,5,3352,5
428,2,9,1050,3
429,3,27,1739,5
430,2,17,1120,2
431,1,20,4817,5
432,1,12,2963,2
433,1,16,747,0
434,1,28,2928,5
435,1,27,3254,4
436,1,23,1078,1
437,3,7,2000,5
438,3,44,3758,0
439,2,26,3116,2
440,1,26,3114,2
441,3,16,835,1
442,1,16,2785,1
443,3,33,2912,1
444,2,17,730,3
445,1,34,2334,1
446,3,14,1809,4
447,2,49,4446,1
448,3,17,2660,1
449,2,47,2382,0
450,3,31,2019,0
451,3,19,750,3
452,3,25,3504,5
453,2,21,3530,5
454,2,23,2862,4
455,3,14,4322,5
456,2,47,935,2
457,3,31,3990,1
458,2,24,2930,3
459,3,16,1736,5
460,2,49,1239,3
461,2,35,4916,1
462,3,28,3152,2
463,1,15,3973,2
464,3,36,2578,0
465,1,25,584,1
466,1,38,132,1
467,2,14,1388,1
468,1,47,3568,1
469,2,14,3376,1
470,3,41,3937,1
471,3,6,2768,4
472,2,46,2563,3
473,3,11,3436,4
474,3,26,2928,1
475,1,42,4423,3
476,1,35,2069,5
477,1,34,2248,5
478,1,11,1037,2
479,2,18,3666,4
480,2,38,1447,1
481,1,23,988,5
482,2,32,1389,3
483,2,39,4855,0
484,3,41,3303,5
485,1,39,3962,1
486,1,31,3648,1
487,2,23,3165,4
488,3,17,4139,3
489,1,43,2992,3
490,1,29,4571,1
491,2,33,1644,4
492,3,32,440,0
493,3,19,4590,2
494,1,31,3292,3
495,1,7,2405,2
496,3,5,1633,0
497,2,46,3607,3
498,1,14,4183,3
499,1,33,1047,0
500,2,36,4305,1
501,3,30,2792,1
502,1,13,3531,4
503,2,8,3445,5
504,2,17,4099,2
505,1,44,1386,1
506,2,14,4853,0
507,3,11,4647,2
508,3,47,3519,1
509,2,33,2853,0
510,3,19,1681,3
511,2,45,4427,0
512,2,11,3341,4
513,2,13,2091,4
514,3,44,1683,4
515,3,28,4065,3
516,3,7,2788,0
517,3,7,2341,0
518,1,36,1772,5
519,3,6,4325,4
520,1,27,4263,0
521,1,7,3238,0
522,3,41,1487,4
523,1,44,1903,4
524,1,25,4644,0
525,2,33,3982,3
526,2,38,4556,2
527,2,42,139,1
528,3,32,1243,2
529,3,12,1250,1
530,3,30,3279,1
531,2,16,458,5
532,3,44,4839,1
533,3,38,212,2
534,1,8,1307,3
535,3,36,3548,3
536,1,20,3575,1
537,3,17,2883,2
538,3,25,452,3
539,2,45,163,0
540,2,38,1362,2
541,1,47,2467,0
542,2,22,4592,1
543,2,7,1196,4
544,2,21,3376,3
545,1,42,1433,4
546,1,25,2070,1
547,3,11,3596,5
548,3,44,4452,5
549,1,13,3891,2
550,2,32,1641,1
551,3,14,155,5
552,1,17,3634,0
553,3,28,153,5
554,3,22,3850,2
555,3,31,4386,2
556,2,30,4250,3
557,2,13,4908,3
558,1,13,3377,1
559,1,16,3413,0
560,1,12,806,3
561,1,19,3228,4
562,2,49,4845,4
563,2,36,3642,4
564,2,38,2099,1
565,3,8,3005,5
566,1,16,2922,3
567,1,49,965,5
568,3,47,870,0
569,1,41,4304,3
570,2,48,910,2
571,2,50,2063,3
572,2,38,2268,0
573,2,6,3515,2
574,3,40,2234,5
575,1,38,2626,4
576,1,40,2316,3
577,2,50,1026,2
578,3,34,1138,4
579,1,46,4950,2
580,3,42,3128,4
581,2,11,2163,0
582,3,6,710,1
583,1,30,2394,0
584,3,27,1001,3
585,3,22,3860,4
586,3,12,1057,1
587,1,45,4053,4
588,3,26,2357,4
589,1,29,3902,1
590,1,6,2010,3
591,1,25,805,2
592,1,43,911,4
593,3,31,1573,5
594,2,35,2645,3
595,2,39,1827,5
596,2,33,1936,1
597,2,6,4269,0
598,3,36,1149,3
599,1,40,1407,5
600,1,33,1033,4
601,2,32,881,2
602,2,13,2845,2
603,3,26,2566,0
604,3,19,2243,4
605,3,41,4834,2
606,3,37,4161,2
607,3,14,1690,2
608,2,9,1635,4
609,2,14,4781,5
610,1,31,1725,2
611,1,43,4187,2
612,3,17,2732,0
613,2,45,3398,4
614,3,50,942,4
615,3,35,4464,4
616,3,35,3283,0
617,3,20,1748,4
618,1,26,2605,3
619,3,5,647,5
620,3,17,1096,5
621,3,12,1359,3
622,3,5,222,2
623,3,19,3178,0
624,1,46,2408,5
625,3,48,564,1
626,1,18,3938,5
627,1,24,4145,0
628,3,28,2261,3
629,3,49,623,3
630,2,22,2100,4
631,2,18,2948,3
632,2,7,684,1
633,1,23,1291,2
634,1,33,1286,3
635,1,17,3203,3
636,1,27,4651,1
637,2,31,4917,4
638,3,15,4214,1
639,1,29,2196,1
640,2,36,599,3
641,2,38,4428,0
642,1,33,4622,1
643,1,47,3429,2
644,2,6,2079,3
645,3,42,1945,5
646,2,35,401,4
647,3,30,1373,3
648,2,5,2323,5
649,2,47,3398,0
650,3,38,1064,0
651,3,35,4723,5
652,3,20,3126,3
653,2,38,3483,0
654,2,22,917,2
655,1,40,567,1
656,3,6,2658,5
657,2,26,4787,5
658,2,26,3083,5
659,3,6,3135,4
660,3,36,957,4
661,1,6,765,0
662,2,13,4754,4
663,1,38,4034,5
664,2,5,3550,1
665,1,18,382,1
666,1,48,3607,2
667,2,38,2599,2
668,3,22,3821,0
669,1,40,3265,1
670,2,43,566,0
671,2,37,434,2
672,2,19,956,2
673,3,45,1030,5
674,2,23,4875,3
675,1,9,3293,3
676,3,43,1996,3
677,1,48,1818,0
678,2,29,2441,3
679,2,19,1914,5
680,2,38,2034,2
681,1,31,2183,4
682,1,27,3100,0
683,1,36,242,2
684,2,31,1067,3
685,1,34,4104,0
686,1,20,439,0
687,3,39,1286,1
688,1,19,3750,2
689,3,38,3391,2
690,1,24,1941,3
691,2,27,3256,0
692,3,13,1441,1
693,1,9,348,5
694,1,34,358,2
695,3,24,815,3
696,3,35,3971,4
697,3,38,1614,1
698,2,24,2822,4
699,3,21,2716,0
700,1,7,2437,3
701,1,48,2013,2
702,3,45,210,3
703,1,33,2037,2
704,2,9,4123,2
705,1,49,3794,4
706,2,8,2599,2
707,2,23,4728,4
708,2,35,1479,0
709,2,20,2235,2
710,3,16,393,1
711,3,18,4514,0
712,1,39,724,2
713,3,44,3552,4
714,2,41,2393,4
715,1,35,4461,0
716,1,22,3243,3
717,1,24,2767,3
718,3,19,2627,0
719,2,20,605,4
720,3,48,4704,4
721,1,5,907,1
722,2,19,2030,5
723,3,39,2831,5
724,1,6,4257,1
725,2,6,3322,5
726,2,9,3059,1
727,1,18,4561,5
728,3,23,4040,1
729,3,44,4461,3
730,3,26,4898,1
731,1,22,2405,2
732,1,44,390,5
733,3,40,1160,1
734,3,45,1562,4
735,2,34,2560,5
736,1,14,1233,2
737,1,35,4631,0
738,1,32,2761,2
739,2,19,2729,4
740,2,46,657,3
741,1,8,3186,2
742,1,13,1846,3
743,1,41,513,1
744,3,17,4457,1
745,1,22,1209,1
746,3,17,1554,3
747,3,44,1838,0
748,1,17,1093,1
749,2,13,259,5
750,3,20,2791,5
751,3,40,2848,1
752,3,8,837,2
753,1,49,4830,3
754,2,32,368,0
755,2,33,3097,5
756,1,20,3866,2
757,2,32,3411,3
758,3,30,683,1
759,1,27,4038,0
760,1,6,285,0
761,2,21,553,3
762,3,19,2291,5
763,2,6,4790,3
764,3,8,734,5
765,3,21,2298,4
766,2,5,3827,4
767,1,38,1824,2
768,2,6,2554,3
769,1,17,892,4
770,1,5,977,4
771,2,39,1068,3
772,2,16,2522,5
773,3,23,4457,4
774,1,14,4932,5
775,3,42,4793,4
776,3,13,633,3
777,2,6,3131,4
778,1,50,4853,1
779,2,6,722,1
780,1,31,1005,1
781,1,19,1582,2
782,1,38,3675,3
783,3,22,4871,0
784,1,16,4072,2
785,1,47,1720,3
786,3,19,442,2
787,3,28,998,1
788,3,43,2054,4
789,1,18,829,0
790,2,40,4690,3
791,3,29,4075,5
792,2,50,3740,1
793,1,12,4800,4
794,2,40,2707,2
795,3,20,1212,5
796,1,45,3503,1
797,1,49,1522,4
798,2,15,2954,1
799,3,40,591,3
800,2,41,2527,5
801,2,41,1563,1
802,3,11,2356,1
803,1,18,264,2
804,2,5,4152,5
805,1,17,3450,2
806,3,8,745,4
807,2,17,2099,3
808,3,31,579,1
809,2,27,1509,2
810,2,19,3711,1
811,1,47,4230,0
812,2,36,1269,3
813,2,48,4373,3
814,1,41,4738,2
815,2,14,141,0
816,2,5,388,0
817,3,13,3855,2
818,1,46,1322,0
819,3,20,2657,5
820,3,49,4453,2
821,2,15,3116,1
822,1,21,2297,1
823,2,49,4638,3
824,1,50,3865,2
825,1,35,4239,5
826,3,26,4922,4
827,3,20,810,3
828,1,8,2353,4
829,3,14,4333,1
830,1,12,4156,5
831,3,22,477,3
832,1,23,2261,4
833,3,13,4664,4
834,1,22,1078,5
835,3,36,288,5
836,2,48,1323,5
837,2,24,3812,4
838,2,39,1171,5
839,3,9,4668,0
840,1,28,3181,5
841,1,18,2600,1
842,1,25,2540,4
843,1,30,1903,4
844,1,22,4692,4
845,1,14,2464,0
846,3,40,4208,2
847,2,43,1524,1
848,1,24,1659,2
849,3,7,2681,3
850,3,25,2145,0
851,1,5,2982,4
852,3,35,183,4
853,2,5,1768,1
854,1,45,4555,5
855,3,33,3784,5
856,1,15,4862,0
857,1,9,1780,3
858,3,16,546,1
859,2,23,3981,4
860,3,50,1566,2
861,3,48,4103,2
862,3,17,1416,5
863,2,24,1436,1
864,2,17,2268,0
865,1,24,1816,2
866,3,6,1139,2
867,3,44,3696,1
868,2,40,2153,5
869,1,32,1501,4
870,1,35,3089,3
871,2,8,4796,0
872,1,39,1285,4
873,1,17,3023,1
874,1,47,3253,4
875,2,27,1940,4
876,2,23,4884,0
877,1,25,2504,1
878,2,40,1447,5
879,3,41,4687,3
880,2,31,3262,3
881,1,34,1043,1
882,3,42,4484,3
883,3,6,2616,1
884,3,35,3003,2
885,2,28,2613,1
886,1,41,615,4
887,1,44,2343,4
888,2,6,300,0
889,3,22,2100,2
890,3,5,1191,4
891,1,15,4128,1
892,1,47,2123,0
893,1,47,3665,4
894,1,38,4325,1
895,2,21,4385,5
896,3,20,3648,0
897,2,26,1067,1
898,2,39,168,2
899,2,24,514,0
900,2,7,4112,4
901,3,27,786,5
902,2,33,3325,5
903,2,20,4826,2
904,3,39,1091,4
905,2,24,1462,0
906,3,34,1234,1
907,1,38,3028,2
908,3,44,4831,0
909,3,28,1926,5
910,2,41,3885,5
911,1,16,3664,0
912,1,10,3783,5
913,1,43,1003,1
914,3,37,4121,2
915,1,44,1878,3
916,2,26,4648,1
917,2,47,1467,5
918,2,50,2588,4
919,1,31,1241,2
920,3,34,2610,2
921,1,6,3160,5
922,3,33,2550,3
923,1,11,4453,4
924,3,47,2131,2
925,1,24,2865,0
926,1,50,2984,4
927,2,9,4273,2
928,2,32,839,2
929,1,28,2751,2
930,3,29,3815,3
931,1,27,2242,3
932,3,45,3194,3
933,2,21,1798,0
934,1,47,4700,3
935,3,32,683,3
936,2,23,4937,4
937,3,16,1276,1
938,3,42,3959,2
939,2,47,3189,1
940,1,25,2188,5
941,2,22,1135,5
942,3,38,4041,2
943,2,48,1335,1
944,1,45,294,5
945,2,49,3560,5
946,2,14,2961,4
947,2,47,299,1
948,2,28,4515,4
949,1,10,468,1
950,1,50,4158,4
951,1,17,3430,1
952,3,43,2521,4
953,2,48,4646,4
954,1,9,382,5
955,1,15,992,3
956,1,42,2934,0
957,2,31,4843,0
958,1,15,4898,4
959,1,13,295,4
960,1,17,3030,0
961,1,25,899,5
962,1,17,2692,0
963,2,41,3460,4
964,2,6,2501,3
965,2,47,4834,0
966,2,28,1985,1
967,1,34,1362,3
968,2,39,798,5
969,3,8,1429,2
970,1,12,2354,4
971,2,36,4500,4
972,1,45,4196,2
973,1,34,1356,2
974,1,46,4311,0
975,3,41,3114,5
976,2,19,1219,4
977,3,45,1735,3
978,3,36,3469,0
979,3,19,101,5
980,2,32,327,5
981,2,32,4574,3
982,3,48,2897,1
983,3,31,4577,1
984,3,19,3748,4
985,1,34,4303,5
986,2,33,3940,3
987,3,20,3077,4
988,3,41,2659,2
989,2,45,1448,1
990,1,5,3278,5
991,1,24,4655,3
992,2,11,3797,5
993,1,33,3798,3
994,2,9,563,0
995,1,8,3267,1
996,1,7,2767,5
997,2,6,962,3
998,2,28,2861,0
999,3,20,2405,2
1000,3,16,2814,0
1001,2,8,1736,4
1002,2,28,4484,3
1003,1,41,4419,0
1004,1,36,2003,5
1005,3,32,421,2
1006,1,49,383,5
1007,2,50,3179,5
1008,1,27,178,1
1009,1,25,483,0
1010,2,6,2108,2
1011,1,26,4102,4
1012,1,46,2115,5
1013,3,46,1527,2
1014,1,15,1498,0
1015,1,34,640,1
1016,1,19,2590,0
1017,2,40,1764,3
1018,1,24,807,5
1019,3,18,1658,4
1020,2,8,2380,2
1021,2,10,2304,2
1022,3,10,2552,4
1023,1,38,540,5
1024,3,14,3191,5
1025,3,49,264,3
1026,2,31,2293,1
1027,1,8,1834,1
1028,3,28,1678,0
1029,1,35,2541,1
1030,3,28,698,0
1031,3,40,2357,2
1032,1,22,423,0
1033,2,13,2790,2
1034,3,33,4618,3
1035,1,15,1613,0
1036,2,35,4447,2
1037,1,16,4258,1
1038,3,47,4868,0
1039,3,13,4073,4
1040,1,16,3517,4
1041,2,16,2212,3
1042,1,10,3439,5
1043,2,11,1716,3
1044,1,30,3158,4
1045,1,44,2334,1
1046,3,18,294,3
1047,2,17,1907,2
1048,1,39,876,4
1049,1,20,4257,4
1050,2,41,3083,3
1051,1,36,4546,5
1052,3,14,4072,4
1053,2,34,2793,2
1054,3,12,3399,4
1055,1,31,1346,0
1056,3,29,507,4
1057,2,37,3591,0
1058,1,30,188,4
1059,1,38,575,0
1060,2,44,2441,2
1061,3,12,2607,5
1062,1,31,3410,4
1063,3,24,2956,5
1064,1,26,939,1
1065,1,27,1763,5
1066,3,42,3015,5
1067,2,6,4386,1
1068,2,21,987,2
1069,1,42,3107,1
1070,2,46,615,0
1071,3,10,2098,2
1072,1,40,4427,3
1073,2,43,2341,3
1074,2,11,3147,0
1075,2,20,502,1
1076,1,16,981,5
1077,3,15,1744,5
1078,2,16,1556,4
1079,2,29,304,1
1080,2,42,510,1
1081,3,31,2291,2
1082,2,28,3410,1
1083,3,30,981,3
1084,1,37,4760,4
1085,1,50,126,2
1086,2,11,3773,0
1087,2,44,3924,1
1088,2,18,1553,4
1089,2,19,1393,0
1090,1,41,718,3
1091,2,11,3872,3
1092,2,39,1221,4
1093,3,31,4603,1
1094,2,27,1811,2
1095,1,5,2581,1
1096,3,44,3181,4
1097,1,38,2074,2
1098,1,5,4183,1
1099,2,36,3513,3
1100,1,26,2803,4
1101,3,16,3595,0
1102,2,32,398,2
1103,1,9,2141,1
1104,3,30,2820,2
1105,1,33,731,5
1106,3,30,2020,5
1107,1,43,1415,4
1108,2,32,3162,5
1109,2,30,2072,4
1110,1,21,482,0
1111,3,40,1153,1
1112,2,15,432,1
1113,1,32,1583,2
1114,1,37,4370,3
1115,3,7,3841,2
1116,1,33,1982,1
1117,2,6,4275,3
1118,1,34,1719,2
1119,3,20,2745,0
1120,2,5,2462,4
1121,2,38,3958,0
1122,2,20,2777,1
1123,2,38,4996,3
1124,2,14,3920,2
1125,3,30,2920,2
1126,2,16,1282,1
1127,1,23,612,1
1128,2,6,1227,2
1129,3,17,1075,4
1130,2,26,2078,2
1131,3,11,2632,5
1132,1,22,3139,0
1133,1,26,4835,4
1134,1,10,796,4
1135,1,16,3457,1
1136,3,32,3560,2
1137,3,18,3514,2
1138,3,16,3076,2
1139,1,26,3115,2
1140,2,12,3284,0
1141,1,49,2201,3
1142,2,50,3516,3
1143,3,26,3435,1
1144,1,49,3472,3
1145,3,28,4298,5
1146,2,31,2948,3
1147,2,42,1278,3
1148,2,42,3788,5
1149,1,34,3310,2
1150,3,29,3760,5
1151,1,8,2824,1
1152,3,31,2543,5
1153,1,37,2084,3
1154,3,5,1286,3
1155,3,19,4390,1
1156,2,28,2783,5
1157,1,9,903,3
1158,1,12,1742,1
1159,1,31,995,1
1160,2,17,1978,5
1161,1,13,2448,0
1162,3,48,3012,3
1163,1,42,2790,3
1164,3,47,403,1
1165,2,19,1497,1
1166,1,16,675,5
1167,2,37,2537,3
1168,2,38,4783,4
1169,3,42,654,5
1170,1,16,512,2
1171,1,10,1773,1
1172,1,22,4180,5
1173,3,19,3955,5
1174,3,12,3132,3
1175,3,28,454,0
1176,2,37,294,2
1177,1,46,638,0
1178,1,17,3816,1
1179,2,39,1588,1
1180,3,15,1793,0
1181,2,32,1779,3
1182,2,9,4183,0
1183,1,24,397,5
1184,1,25,1298,1
1185,2,34,4311,4
1186,1,41,1390,2
1187,2,18,4218,5
1188,1,33,2564,1
1189,2,13,2801,1
1190,1,11,2374,0
1191,1,14,3203,2
1192,3,48,2735,4
1193,2,18,1385,4
1194,3,22,2040,2
1195,2,7,3964,5
1196,2,48,4797,2
1197,3,50,3889,5
1198,1,33,916,3
1199,2,41,991,2
1200,1,41,1295,3
1201,2,8,3935,1
1202,2,12,2319,1
1203,2,45,4471,3
1204,1,20,1389,4
1205,3,47,2043,4
1206,3,33,2791,5
1207,3,13,1032,1
1208,2,41,1375,1
1209,1,45,4905,5
1210,2,29,4861,2
1211,1,17,3766,3
1212,1,9,421,3
1213,1,35,4846,1
1214,1,6,2876,1
1215,1,13,3277,3
1216,3,44,1754,2
1217,1,5,1767,4
1218,3,9,2785,3
1219,3,29,3277,3
1220,2,37,140,4
1221,1,5,3211,4
1222,3,49,4033,0
1223,2,36,4895,2
1224,2,24,1715,3
1225,1,37,4637,4
1226,1,21,1167,0
1227,1,43,3650,2
1228,1,46,4883,4
1229,3,48,4560,5
1230,3,25,3326,1
1231,3,36,1516,0
1232,3,50,4601,4
1233,3,16,2160,1
1234,3,35,3060,4
1235,1,17,1017,4
1236,2,6,3429,5
1237,3,10,3497,3
1238,2,43,4597,3
1239,2,34,4075,3
1240,2,43,1171,5
1241,2,33,3202,5
1242,3,9,4804,1
1243,1,32,4046,1
1244,3,30,4040,2
1245,3,49,2777,2
1246,2,46,1926,2
1247,2,14,4246,5
1248,2,47,2215,1
1249,1,29,3339,3
1250,3,41,1753,2
1251,1,25,3712,3
1252,1,39,825,2
1253,3,42,4891,3
1254,2,37,3264,5
1255,2,28,3092,4
1256,1,48,2008,4
1257,3,17,1228,0
1258,2,40,270,2
1259,1,32,2063,0
1260,2,7,1675,2
1261,1,38,2451,2
1262,2,44,759,4
1263,2,16,3932,3
1264,2,13,4966,2
1265,2,44,4575,1
1266,3,26,248,2
1267,1,46,146,3
1268,1,35,3348,2
1269,3,45,3189,4
1270,1,35,1243,2
1271,3,30,4429,0
1272,2,11,1111,2
1273,1,5,2811,4
1274,3,27,4202,1
1275,2,35,1306,3
1276,2,25,4073,3
1277,2,11,2250,0
1278,1,14,3227,4
1279,1,7,4325,3
1280,3,36,527,1
1281,1,37,4752,2
1282,2,19,3604,0
1283,2,31,1999,3
1284,1,22,4007,3
1285,3,19,3365,2
1286,3,42,1308,2
1287,1,48,2329,4
1288,2,22,4144,1
1289,2,9,1063,1
1290,3,37,1809,2
1291,3,48,2846,4
1292,2,8,957,0
1293,2,21,1611,4
1294,3,12,2489,4
1295,1,40,4907,4
1296,1,13,4463,2
1297,1,26,1139,2
1298,3,49,2154,2
1299,3,5,3530,1
1300,3,46,3830,5
1301,1,7,2334,3
1302,3,50,2757,1
1303,2,18,2484,1
1304,1,43,345,1
1305,2,17,4684,0
1306,1,26,1238,3
1307,3,8,4789,4
1308,3,5,4042,2
1309,2,15,626,0
1310,1,30,2430,1
1311,1,18,261,5
1312,1,36,4941,5
1313,1,29,2489,3
1314,3,11,964,3
1315,2,36,423,0
1316,2,16,3196,0
1317,3,47,1186,1
1318,3,14,4523,0
1319,1,7,164,0
1320,2,23,3762,4
1321,2,6,3933,5
1322,2,40,3076,5
1323,1,38,3992,1
1324,3,16,2703,4
1325,3,34,207,3
1326,3,7,1564,2
1327,1,40,3220,0
1328,3,38,1259,5
1329,2,48,972,3
1330,3,33,2329,2
1331,3,24,3403,5
1332,2,46,3564,2
1333,3,36,3952,1
1334,1,49,3398,4
1335,1,49,541,0
1336,3,20,1047,0
1337,1,14,3903,2
1338,2,42,868,1
1339,2,14,4590,1
1340,3,14,3749,3
1341,1,38,352,0
1342,1,6,2691,5
1343,3,18,1296,2
1344,1,35,4065,0
1345,3,46,2146,0
1346,3,9,3283,5
1347,1,13,4907,1
1348,3,39,4747,5
1349,2,48,4672,2
1350,2,18,4728,4
1351,2,22,4476,0
1352,3,18,2170,1
1353,2,20,1158,4
1354,1,11,3186,4
1355,3,21,4514,0
1356,1,7,4335,2
1357,3,19,4081,5
1358,1,43,2962,4
1359,3,22,3639,4
1360,3,23,4041,3
1361,2,14,985,3
1362,1,12,572,5
1363,1,37,2508,4
1364,1,40,2352,0
1365,2,19,4002,1
1366,2,48,3862,0
1367,3,29,2225,4
1368,3,11,4775,4
1369,1,21,1025,4
1370,1,30,3240,3
1371,1,30,2669,5
1372,3,23,2351,4
1373,1,16,791,1
1374,3,10,2420,0
1375,3,44,3808,5
1376,2,48,2601,4
1377,2,41,4475,3
1378,3,12,4607,1
1379,2,33,3917,5
1380,3,32,908,1
1381,1,31,1332,4
1382,2,5,4748,3
1383,2,9,2458,0
1384,2,18,1144,5
1385,2,31,3184,0
1386,1,34,3895,5
1387,2,5,3137,0
1388,3,19,3509,0
1389,2,44,4720,5
1390,1,15,751,4
1391,3,47,3602,0
1392,3,17,1899,4
1393,2,8,2231,1
1394,2,41,2943,1
1395,1,46,1662,4
1396,1,21,970,5
1397,1,18,665,2
1398,2,31,4938,5
1399,1,14,2782,4
1400,3,27,3537,5
1401,1,9,4791,1
1402,2,11,4830,2
1403,3,48,3180,2
1404,2,40,3915,0
1405,3,50,497,4
1406,2,32,3365,0
1407,3,46,3456,0
1408,2,39,4371,1
1409,3,17,656,5
1410,1,10,1811,4
1411,2,23,4617,1
1412,2,8,692,1
1413,3,47,792,1
1414,3,43,2464,5
1415,1,35,1166,0
1416,3,7,3154,4
1417,2,32,1014,1
1418,3,45,4537,2
1419,1,17,1469,2
1420,1,35,4118,1
1421,3,30,229,3
1422,3,14,1034,4
1423,3,33,1658,4
1424,1,41,3897,0
1425,2,11,2324,3
1426,3,7,1165,4
1427,3,13,989,0
1428,3,24,4809,1
1429,1,50,3433,2
1430,1,31,4495,4
1431,1,48,4863,0
1432,1,32,2566,0
1433,2,25,1033,4
1434,2,29,1199,0
1435,2,22,2689,5
1436,2,48,537,0
1437,1,35,4774,4
1438,3,24,923,0
1439,1,49,4801,1
1440,2,35,2507,4
1441,3,36,785,1
1442,2,46,1689,5
1443,3,49,326,2
1444,1,42,2801,4
1445,2,21,2435,0
1446,1,14,4854,5
1447,2,41,4045,5
1448,3,47,4379,5
1449,2,33,3583,2
1450,1,47,4403,1
1451,1,44,1228,1
1452,1,12,1912,2
1453,2,6,2825,4
1454,1,48,2371,1
1455,1,13,2082,2
1456,3,10,1704,1
1457,3,25,204,3
1458,3,5,3943,0
1459,3,39,4499,3
1460,3,41,2200,3
1461,1,14,492,1
1462,1,49,974,3
1463,3,22,103,1
1464,3,31,742,4
1465,3,36,3348,5
1466,1,47,850,0
1467,2,22,4797,3
1468,1,28,4790,5
1469,2,17,207,1
1470,3,27,1558,0
1471,3,8,1450,1
1472,2,48,4029,2
1473,2,26,418,0
1474,1,38,295,4
1475,2,14,470,5
1476,3,36,2083,2
1477,1,18,1267,4
1478,3,31,3153,3
1479,3,18,624,3
1480,3,22,3636,5
1481,3,26,4499,4
1482,1,25,4474,1
1483,2,50,4782,1
1484,2,18,4427,4
1485,3,42,2591,3
1486,3,35,2724,3
1487,2,16,4302,4
1488,1,6,987,5
1489,3,5,559,5
1490,3,11,827,0
1491,1,33,836,1
1492,3,16,1655,4
1493,2,38,1302,2
1494,3,13,707,0
1495,3,45,1228,3
1496,1,28,1371,3
1497,3,23,4020,0
1498,2,28,3052,0
1499,2,41,4745,2
1500,3,7,1454,3
1501,3,14,4653,5
1502,3,17,2600,0
1503,1,49,3841,1
1504,3,42,330,0
1505,1,50,4694,2
1506,1,41,1958,5
1507,3,43,2677,5
1508,2,50,4355,4
1509,1,6,4121,0
1510,3,12,362,4
1511,1,36,3484,3
1512,2,28,741,0
1513,2,8,4884,5
1514,1,17,3675,3
1515,2,41,882,3
1516,1,33,1667,0
1517,2,18,1637,3
1518,2,28,3715,5
1519,2,34,2122,5
1520,3,13,1226,1
1521,2,43,1537,3
1522,1,26,4151,4
1523,1,40,3900,0
1524,3,5,1097,3
1525,1,50,3110,4
1526,2,10,4184,1
1527,2,49,4334,5
1528,3,49,1323,3
1529,3,27,4970,1
1530,1,22,2739,0
1531,1,45,3157,3
1532,2,11,1483,5
1533,2,18,2831,4
1534,1,5,2022,1
1535,2,9,4069,5
1536,3,10,1834,2
1537,3,16,4121,2
1538,1,50,3673,5
1539,2,11,3216,2
1540,3,45,1932,1
1541,1,32,1799,5
1542,1,21,1873,0
1543,3,44,828,5
1544,1,40,4686,1
1545,1,11,4233,0
1546,3,46,1090,0
1547,2,20,4468,2
1548,2,19,4720,5
1549,3,29,4185,5
1550,2,21,989,1
1551,3,49,3778,4
1552,3,25,3952,3
1553,1,10,1015,2
1554,3,37,4225,1
1555,3,20,794,3
1556,3,27,3616,4
1557,1,5,1751,1
1558,1,14,127,4
1559,1,16,1060,3
1560,2,8,1687,0
1561,1,50,3584,4
1562,2,47,4760,3
1563,3,17,1575,3
1564,2,8,3224,3
1565,2,31,1667,0
1566,3,23,3333,3
1567,3,14,4814,1
1568,3,49,3137,5
1569,2,8,1612,0
1570,2,34,750,1
1571,3,20,3642,4
1572,2,19,2560,3
1573,2,48,1661,3
1574,1,34,2439,5
1575,1,26,535,1
1576,3,41,3738,2
1577,1,18,2373,5
1578,1,18,4512,0
1579,1,49,3503,2
1580,3,33,4266,0
1581,3,16,4374,1
1582,1,9,3714,3
1583,2,47,632,2
1584,1,18,3067,5
1585,3,40,850,5
1586,1,21,1128,4
1587,2,24,3445,3
1588,2,42,1294,2
1589,3,10,3639,5
1590,3,49,326,5
1591,3,46,4704,3
1592,1,44,1418,0
1593,3,29,2124,1
1594,1,7,1806,5
1595,1,35,403,1
1596,1,7,2898,3
1597,2,48,612,0
1598,3,16,1180,3
1599,1,22,1695,5
1600,1,41,4663,2
1601,3,35,1997,3
1602,2,37,2872,0
1603,3,28,1625,2
1604,1,26,4397,2
1605,2,9,262,2
1606,3,22,4737,4
1607,1,12,1610,5
1608,2,26,1337,5
1609,1,48,3643,4
1610,1,21,271,0
1611,2,41,2317,5
1612,2,25,1846,2
1613,2,38,3029,1
1614,1,36,345,3
1615,1,10,3196,1
1616,3,28,2242,1
1617,2,17,4464,3
1618,2,49,307,4
1619,2,23,1328,1
1620,1,42,2110,5
1621,1,28,2889,0
1622,1,47,1907,2
1623,3,20,660,2
1624,3,43,3380,4
1625,1,8,2722,2
1626,3,35,1694,1
1627,1,44,3497,1
1628,3,18,4018,0
1629,3,47,2711,4
1630,1,12,3340,5
1631,3,12,2749,3
1632,2,6,4133,1
1633,1,14,1487,0
1634,1,31,969,2
1635,2,42,2666,0
1636,2,48,963,3
1637,2,50,371,1
1638,3,37,458,3
1639,1,48,1654,1
1640,3,44,3670,0
1641,1,37,3935,1
1642,1,36,3276,5
1643,1,9,929,4
1644,2,18,1850,1
1645,3,40,1429,5
1646,2,17,3021,2
1647,3,29,3982,4
1648,2,47,3311,2
1649,2,35,820,0
1650,2,18,2609,3
1651,2,50,2556,3
1652,1,42,179,3
1653,3,20,3389,5
1654,2,38,3910,0
1655,3,27,2402,2
1656,3,46,1290,4
1657,3,46,4213,0
1658,3,22,1618,1
1659,2,17,3566,5
1660,3,47,2366,4
1661,3,46,398,1
1662,3,30,3846,4
1663,3,11,2077,1
1664,3,12,3614,0
1665,3,21,1040,4
1666,2,14,1112,5
1667,2,22,760,0
1668,3,19,850,5
1669,2,45,1221,4
1670,1,5,2696,0
1671,1,8,2124,3
1672,1,19,1787,4
1673,2,38,2562,3
1674,1,27,4362,4
1675,1,38,1870,0
1676,2,47,1913,2
1677,3,37,547,3
1678,3,10,2158,5
1679,3,49,1723,2
1680,1,45,1708,2
1681,2,27,3922,2
1682,3,23,710,4
1683,2,19,1587,3
1684,1,41,4294,3
1685,3,14,2568,3
1686,3,49,1757,0
1687,2,32,4382,1
1688,2,40,4520,4
1689,1,20,3029,5
1690,3,33,3081,0
1691,3,43,265,4
1692,2,41,2753,4
1693,2,38,1343,5
1694,3,8,2315,5
1695,2,28,631,0
1696,3,36,1082,4
1697,2,23,2374,1
1698,3,26,4397,4
1699,2,34,1783,1
1700,3,28,2813,0
1701,2,27,1312,2
1702,2,22,3954,2
1703,1,48,4141,1
1704,3,31,2005,3
1705,2,43,951,0
1706,1,39,4210,5
1707,1,16,710,4
1708,1,26,908,4
1709,2,46,438,4
1710,3,27,4515,0
1711,2,38,4418,3
1712,2,27,4495,2
1713,1,20,2848,1
1714,3,16,2514,3
1715,1,29,1503,5
1716,2,31,4038,5
1717,3,36,3587,4
1718,1,47,3309,1
1719,2,10,4440,4
1720,2,31,1618,0
1721,2,7,4140,0
1722,3,21,4977,2
1723,3,27,3452,0
1724,1,45,3721,1
1725,3,26,3117,2
1726,1,8,2287,1
1727,1,8,555,2
1728,3,28,1871,1
1729,3,47,1342,1
1730,1,15,4593,5
1731,3,36,3883,1
1732,3,8,415,0
1733,2,15,4909,1
1734,2,33,4131,1
1735,3,25,2186,3
1736,1,24,3835,0
1737,2,21,2036,5
1738,2,26,414,0
1739,3,25,3382,1
1740,3,42,2973,3
1741,2,34,1402,2
1742,1,44,3665,3
1743,3,13,1955,2
1744,3,41,4067,4
1745,3,39,1213,2
1746,3,32,1090,4
1747,3,14,4886,5
1748,1,6,335,5
1749,1,45,1414,4
1750,2,18,4654,4
1751,3,12,4482,0
1752,2,7,3541,4
1753,2,25,4535,3
1754,1,32,583,0
1755,2,49,448,1
1756,1,43,4675,1
1757,2,13,679,5
1758,3,31,1902,4
1759,1,38,2124,4
1760,1,30,4390,3
1761,2,39,2311,0
1762,2,33,1829,1
1763,1,13,3136,2
1764,2,31,4104,5
1765,3,25,2690,4
1766,3,41,380,5
1767,1,37,2790,5
1768,2,26,1602,1
1769,3,9,1200,0
1770,2,39,2731,5
1771,2,16,436,4
1772,1,32,3055,2
1773,1,49,2282,5
1774,2,26,840,5
1775,1,20,1141,0
1776,2,14,3022,2
1777,1,40,1704,0
1778,2,16,4910,0
1779,2,24,1810,5
1780,1,25,2385,0
1781,1,36,268,3
1782,1,16,1617,0
1783,3,16,320,0
1784,2,30,1259,4
1785,2,24,1033,0
1786,2,11,1217,3
1787,2,9,373,2
1788,2,47,4432,2
1789,3,46,720,0
1790,2,23,225,3
1791,2,18,3881,0
1792,2,43,2977,5
1793,1,34,4473,4
1794,3,14,4793,1
1795,2,46,1578,2
1796,3,49,3299,0
1797,2,13,2865,3
1798,1,14,3010,3
1799,3,37,4471,3
1800,3,46,3033,2
1801,3,38,221,1
1802,3,8,3603,4
1803,3,19,2341,3
1804,2,10,613,2
1805,3,10,642,4
1806,3,21,242,1
1807,1,23,3475,0
1808,1,28,337,4
1809,1,50,1214,3
1810,1,6,3796,5
1811,1,30,4791,3
1812,3,24,2184,5
1813,1,21,3995,4
1814,1,5,3270,1
1815,3,16,4789,0
1816,3,34,2076,4
1817,1,27,4299,3
1818,3,18,2737,3
1819,1,28,2701,5
1820,3,13,3472,3
1821,3,47,2456,4
1822,2,13,2809,1
1823,2,36,1389,1
1824,1,5,3417,3
1825,2,31,796,5
1826,1,15,2271,0
1827,3,42,1833,3
1828,2,9,2160,2
1829,1,41,3746,4
1830,2,6,2004,1
1831,2,40,1480,3
1832,1,21,2680,5
1833,1,50,2401,0
1834,2,29,484,1
1835,1,37,2426,3
1836,3,8,4012,1
1837,3,31,3520,5
1838,2,20,3116,3
1839,1,32,2113,1
1840,2,8,384,2
1841,3,40,2064,3
1842,1,12,1760,2
1843,2,10,3646,5
1844,2,16,2505,3
1845,3,10,2297,2
1846,3,17,2214,3
1847,1,43,2164,2
1848,3,49,2961,1
1849,3,40,2675,4
1850,2,11,4931,4
1851,1,34,1935,1
1852,1,45,4794,0
1853,1,6,4510,1
1854,3,40,2986,1
1855,1,8,4593,5
1856,3,33,4929,2
1857,2,16,2585,2
1858,2,37,3341,1
1859,2,17,3946,3
1860,3,37,3702,2
1861,1,43,2435,1
1862,3,6,736,0
1863,2,32,4282,2
1864,3,14,4529,4
1865,2,7,3326,3
1866,1,50,1498,5
1867,3,46,3799,5
1868,3,29,4421,5
1869,3,20,1574,2
1870,2,11,1719,0
1871,1,29,983,3
1872,2,27,2080,5
1873,1,26,1529,5
1874,2,30,4480,1
1875,1,11,2066,4
1876,3,47,449,4
1877,3,24,3933,2
1878,2,49,142,5
1879,1,47,2535,1
1880,1,17,4201,1
1881,1,35,1624,0
1882,3,37,619,3
1883,2,40,3716,2
1884,3,10,3729,5
1885,2,5,4209,2
1886,3,33,4023,4
1887,1,9,2718,5
1888,3,12,4389,1
1889,3,23,1402,5
1890,1,48,2244,2
1891,2,24,969,2
1892,2,45,4576,4
1893,2,33,612,0
1894,2,30,2176,1
1895,2,19,2741,0
1896,2,45,188,5
1897,1,37,2942,3
1898,2,48,1463,1
1899,1,11,708,4
1900,2,36,4307,0
1901,2,21,3177,5
1902,1,48,4288,3
1903,1,39,258,4
1904,1,26,1180,3
1905,1,30,702,2
1906,2,49,4852,5
1907,3,43,3389,2
1908,2,24,4491,5
1909,2,12,2773,5
1910,2,34,2227,2
1911,2,12,3008,1
1912,1,26,2720,3
1913,2,47,1077,0
1914,3,17,4440,4
1915,2,43,3373,3
1916,2,12,2402,5
1917,2,34,3693,4
1918,1,11,1884,0
1919,2,23,565,5
1920,1,27,3725,1
1921,2,45,462,3
1922,3,29,3952,2
1923,2,42,942,0
1924,1,11,3143,3
1925,2,13,3830,4
1926,2,46,3561,5
1927,3,20,4654,3
1928,3,24,508,0
1929,1,31,1263,0
1930,1,12,3038,1
1931,1,15,4117,0
1932,3,6,2744,3
1933,3,24,4189,3
1934,1,29,1457,2
1935,1,34,2002,2
1936,2,19,4227,0
1937,2,30,4454,0
1938,2,5,4352,3
1939,3,15,3158,5
1940,3,39,3873,3
1941,3,18,1487,2
1942,1,43,3043,5
1943,3,43,3505,0
1944,3,32,321,4
1945,1,5,2352,3
1946,2,32,2713,3
1947,3,32,3512,4
1948,1,39,1450,3
1949,3,25,1942,1
1950,3,13,2237,2
1951,1,14,1911,5
1952,2,33,2974,5
1953,3,49,4834,0
1954,3,48,293,0
1955,1,27,215,1
1956,2,10,1887,0
1957,3,10,3966,3
1958,3,23,369,2
1959,2,40,2855,4
1960,3,40,393,0
1961,3,21,920,2
1962,3,30,4810,5
1963,3,31,3165,1
1964,1,26,4901,3
1965,1,17,405,2
1966,2,33,2828,2
1967,3,20,1286,3
1968,3,22,3113,0
1969,2,40,2448,3
1970,1,20,3691,5
1971,3,36,1389,3
1972,2,29,1664,5
1973,1,46,992,5
1974,2,47,2002,0
1975,2,43,3160,2
1976,1,49,3245,5
1977,1,8,3486,0
1978,1,44,227,3
1979,2,29,3170,3
1980,2,34,3051,1
1981,2,24,3230,4
1982,2,49,1366,1
1983,2,7,418,1
1984,2,11,3924,1
1985,1,11,1329,3
1986,2,47,1883,1
1987,3,19,2743,2
1988,3,26,997,1
1989,2,40,2903,3
1990,1,32,336,5
1991,1,33,765,0
1992,1,15,1113,0
1993,2,20,1427,3
1994,2,29,3785,3
1995,2,16,3257,4
1996,3,23,2674,5
1997,2,13,853,3
1998,2,37,623,3
1999,2,46,4948,4
2000,1,6,4587,3
2001,2,24,884,3
2002,1,30,2069,0
2003,1,20,2259,1
2004,2,16,1306,2
2005,3,31,4900,3
2006,1,23,2196,4
2007,1,6,710,1
2008,3,35,4022,3
2009,3,28,3058,3
2010,1,39,3893,0
2011,3,7,3946,1
2012,1,31,2251,2
2013,3,33,4635,2
2014,1,7,1768,4
2015,3,24,2229,1
2016,1,36,993,1
2017,3,13,4661,0
2018,2,44,1025,4
2019,2,48,4987,2
2020,3,5,1023,1
2021,2,37,4672,3
2022,3,29,3494,0
2023,2,50,3809,5
2024,3,27,4498,5
2025,1,35,3751,1
2026,1,17,2364,1
2027,3,28,1011,3
2028,1,18,2789,4
2029,2,46,3160,3
2030,3,13,423,2
2031,1,43,4234,5
2032,2,35,1825,0
2033,1,27,573,1
2034,2,48,866,1
2035,3,46,4990,5
2036,3,12,1066,4
2037,1,40,309,0
2038,3,35,5000,0
2039,3,22,3216,2
2040,3,49,1723,5
2041,2,34,281,0
2042,1,42,967,0
2043,3,10,1505,5
2044,3,34,3544,3
2045,1,7,3548,0
2046,2,41,3629,1
2047,2,7,3088,3
2048,2,50,4157,5
2049,2,35,1459,4
2050,3,44,2441,3
2051,2,46,874,0
2052,2,22,4687,4
2053,2,21,1613,2
2054,3,31,4833,5
2055,3,22,4611,0
2056,3,47,1958,2
2057,1,46,706,3
2058,2,5,1789,2
2059,1,6,4366,1
2060,2,32,253,5
2061,1,43,232,4
2062,3,35,4521,0
2063,2,12,3176,0
2064,1,41,1825,3
2065,2,50,838,0
2066,2,9,2169,0
2067,2,10,820,0
2068,3,41,2722,2
2069,1,34,1645,5
2070,3,10,982,0
2071,1,15,4680,5
2072,3,42,2560,0
2073,1,14,2053,2
2074,2,25,4102,2
2075,2,6,3929,2
2076,3,33,1337,5
2077,2,20,2752,4
2078,3,27,1270,0
2079,1,13,319,0
2080,2,49,1469,2
2081,2,48,2927,0
2082,1,17,4658,3
2083,3,27,4234,1
2084,2,8,4184,2
2085,1,34,4532,1
2086,1,14,4490,0
2087,2,49,1548,0
2088,1,23,938,4
2089,3,13,2487,0
2090,1,39,2743,0
2091,3,38,1722,4
2092,2,34,2874,5
2093,2,34,1911,5
2094,1,20,744,2
2095,1,11,4469,3
2096,3,38,3879,2
2097,2,10,4883,2
2098,1,31,3888,5
2099,3,44,733,4
2100,1,19,2344,1
2101,3,25,3103,5
2102,3,9,3320,1
2103,1,9,3542,2
2104,3,17,1973,0
2105,2,12,1736,5
2106,3,46,4920,0
2107,2,27,681,5
2108,2,18,1200,1
2109,3,24,1374,2
2110,1,16,860,5
2111,3,28,4224,5
2112,1,9,2473,3
2113,3,11,129,5
2114,2,49,1137,4
2115,2,32,2306,0
2116,1,38,2875,1
2117,3,29,960,4
2118,1,7,1248,4
2119,2,41,4795,2
2120,2,44,3320,4
2121,3,9,271,2
2122,2,24,2150,1
2123,2,30,1452,1
2124,2,42,1313,5
2125,1,15,1046,0
2126,3,33,3100,2
2127,2,13,436,5
2128,3,19,972,0
2129,3,40,570,5
2130,2,27,4648,4
2131,1,20,2113,2
2132,1,9,3643,3
2133,2,26,2351,2
2134,3,44,1212,4
2135,1,22,748,5
2136,3,9,4168,5
2137,2,32,2111,0
2138,2,10,3371,2
2139,1,24,4882,3
2140,1,7,4074,4
2141,3,44,858,4
2142,1,25,108,2
2143,3,45,4430,5
2144,2,6,2416,1
2145,2,42,2545,0
2146,1,18,2710,3
2147,1,43,1538,5
2148,2,21,4913,0
2149,3,12,3861,0
2150,3,19,3328,0
2151,2,37,4394,0
2152,1,44,1883,3
2153,3,36,756,2
2154,2,43,3276,1
2155,2,38,2079,0
2156,3,38,3224,2
2157,2,31,2762,0
2158,3,31,3712,4
2159,3,41,4476,5
2160,3,42,296,4
2161,1,50,2263,1
2162,2,32,1502,0
2163,1,23,3596,0
2164,1,45,4204,1
2165,3,23,3706,5
2166,1,19,2767,3
2167,2,19,1015,1
2168,2,36,1280,0
2169,3,22,818,2
2170,2,29,2023,5
2171,2,21,4456,1
2172,2,19,3937,3
2173,3,45,3242,3
2174,3,49,798,2
2175,2,19,2648,5
2176,1,30,1560,2
2177,1,10,2686,5
2178,2,23,4059,0
2179,3,20,3709,4
2180,1,47,4509,2
2181,2,32,2684,0
2182,1,29,2148,0
2183,3,21,1488,2
2184,3,43,1041,0
2185,1,33,3353,4
2186,2,15,4712,3
2187,3,41,1673,2
2188,1,9,4136,3
2189,1,32,2811,2
2190,3,35,2750,1
2191,1,36,4240,4
2192,3,48,3467,3
2193,3,25,4097,2
2194,3,23,4458,4
2195,1,17,4031,3
2196,1,37,4487,4
2197,2,11,651,5
2198,1,30,659,5
2199,3,16,1490,3
2200,1,40,1119,1
2201,3,23,4322,5
2202,1,24,2855,0
2203,1,11,2432,4
2204,1,16,776,3
2205,1,46,3916,4
2206,3,50,1168,4
2207,3,30,159,4
2208,1,6,848,3
2209,1,45,717,2
2210,3,50,1546,5
2211,3,18,2454,0
2212,1,11,4795,3
2213,3,31,4693,2
2214,3,40,742,3
2215,1,44,2081,0
2216,1,18,2657,4
2217,3,20,3885,0
2218,3,23,3799,5
2219,3,37,1856,3
2220,2,31,729,4
2221,3,32,3270,5
2222,3,27,3127,0
2223,3,17,2938,4
2224,2,22,1504,2
2225,3,32,1024,2
2226,2,5,1436,0
2227,2,29,3100,0
2228,1,37,947,3
2229,3,47,1026,3
2230,1,8,3051,5
2231,3,32,2855,5
2232,1,29,4621,4
2233,2,9,2875,0
2234,2,44,3022,0
2235,1,16,2025,4
2236,1,44,4762,3
2237,1,37,1857,3
2238,3,11,4493,5
2239,1,40,2586,0
2240,3,38,2925,3
2241,2,39,3331,5
2242,3,41,990,5
2243,3,30,1668,0
2244,1,34,4976,5
2245,1,26,4340,4
2246,3,5,2154,2
2247,3,20,3637,4
2248,2,11,4090,3
2249,1,31,2397,3
2250,1,5,1856,4
2251,1,13,1808,2
2252,1,24,1163,3
2253,3,21,3919,2
2254,3,24,4707,0
2255,2,14,4436,4
2256,1,50,2297,1
2257,2,16,3738,4
2258,3,39,1583,0
2259,2,21,269,1
2260,2,18,4678,0
2261,1,26,2219,3
2262,2,17,3413,3
2263,2,18,2477,5
2264,1,19,775,2
2265,1,32,134,0
2266,2,7,1702,1
2267,3,44,3921,2
2268,1,31,3089,0
2269,1,20,3606,3
2270,2,28,4123,2
2271,2,23,2589,1
2272,2,12,3746,4
2273,2,39,2742,4
2274,2,6,1360,2
2275,2,6,475,1
2276,3,44,862,5
2277,3,7,2504,1
2278,2,47,3649,3
2279,2,50,2179,5
2280,1,45,4584,2
2281,3,28,4344,0
2282,2,12,1830,1
2283,2,32,452,3
2284,2,49,3906,1
2285,2,18,3211,0
2286,3,38,4528,3
2287,2,12,949,4
2288,1,43,369,2
2289,2,49,2527,4
2290,2,34,4459,1
2291,2,31,3639,0
2292,3,17,2319,1
2293,2,14,4388,1
2294,1,15,4002,5
2295,3,34,243,1
2296,2,45,2850,0
2297,2,39,4436,1
2298,2,11,302,1
2299,2,23,4293,0
2300,1,19,3764,0
2301,2,50,2761,4
2302,1,35,471,0
2303,1,34,4946,2
2304,1,35,3028,2
2305,1,47,1613,2
2306,1,19,988,0
2307,3,30,2693,2
2308,3,7,3352,3
2309,1,35,3844,5
2310,1,21,3441,1
2311,2,21,1601,3
2312,1,17,3154,5
2313,3,47,2896,5
2314,3,33,2597,1
2315,1,39,3469,4
2316,3,25,1111,1
2317,1,22,4753,3
2318,1,5,2212,3
2319,2,36,2978,0
2320,3,39,3322,1
2321,2,35,2106,5
2322,3,18,1366,4
2323,1,10,3333,4
2324,2,37,1836,4
2325,2,41,4269,5
2326,1,18,2375,3
2327,1,27,185,3
2328,1,44,2358,5
2329,2,35,726,3
2330,3,26,1036,2
2331,3,34,293,3
2332,1,34,1937,1
2333,1,28,135,2
2334,2,45,3568,2
2335,3,9,4952,4
2336,1,17,2656,1
2337,2,38,3394,2
2338,3,49,2240,5
2339,2,10,3958,4
2340,3,27,4521,0
2341,3,47,1395,5
2342,1,17,3875,0
2343,2,31,3230,2
2344,1,44,2911,4
2345,1,48,1650,4
2346,1,13,982,3
2347,1,48,825,0
2348,3,17,1206,0
2349,3,33,3285,0
2350,3,27,905,5
2351,3,34,4511,5
2352,1,40,2493,4
2353,2,47,4402,2
2354,1,39,249,5
2355,1,31,2661,2
2356,2,12,3604,3
2357,3,11,4387,5
2358,2,25,2790,5
2359,3,20,915,4
2360,2,17,1078,3
2361,3,28,3663,4
2362,3,7,3576,2
2363,2,50,4537,5
2364,2,42,4188,1
2365,1,11,201,3
2366,2,33,3154,1
2367,2,31,2694,0
2368,2,12,4282,5
2369,2,21,3979,1
2370,1,6,1351,5
2371,2,50,2766,1
2372,2,48,2183,3
2373,3,39,3167,3
2374,2,29,1621,5
2375,3,29,1547,2
2376,3,20,3537,4
2377,1,49,3943,3
2378,3,17,2072,1
2379,2,33,3754,4
2380,1,9,4302,1
2381,3,16,1251,5
2382,2,38,429,0
2383,2,39,3466,1
2384,2,24,1894,5
2385,2,23,3904,5
2386,1,33,550,3
2387,3,21,3003,4
2388,1,16,2556,2
2389,2,11,4583,0
2390,2,25,4002,5
2391,3,9,2626,5
2392,2,35,165,1
2393,1,32,3086,4
2394,3,38,839,2
2395,2,16,1482,1
2396,2,16,4113,3
2397,2,37,3036,3
2398,2,16,1813,4
2399,2,11,906,2
2400,2,37,4216,3
2401,1,31,1093,0
2402,2,41,537,3
2403,1,21,1622,5
2404,1,22,990,5
2405,1,32,3696,1
2406,3,14,3574,4
2407,2,47,4466,1
2408,2,12,2488,4
2409,1,16,2863,3
2410,1,22,2756,3
2411,3,26,3891,0
2412,2,26,917,1
2413,1,10,502,5
2414,3,49,1282,1
2415,3,32,323,5
2416,3,24,1902,1
2417,2,7,3104,2
2418,1,18,363,4
2419,2,21,2737,3
2420,1,43,1672,3
2421,3,17,1570,2
2422,3,29,3152,4
2423,3,33,2385,2
2424,1,24,1235,1
2425,2,17,4035,0
2426,2,11,1985,0
2427,1,5,2140,2
2428,2,33,3766,0
2429,1,25,2502,1
2430,3,12,552,1
2431,2,34,2685,3
2432,2,10,2744,0
2433,1,35,3281,3
2434,2,15,4819,3
2435,1,13,907,2
2436,1,20,2619,0
2437,2,10,2314,1
2438,2,13,2668,3
2439,3,23,3802,1
2440,2,6,3112,5
2441,1,17,4351,0
2442,2,39,2967,2
2443,3,35,2199,0
2444,2,45,1097,5
2445,2,45,725,5
2446,2,15,1202,1
2447,2,49,2763,3
2448,2,22,3407,2
2449,1,23,1364,4
2450,1,43,2107,3
2451,2,44,3990,0
2452,1,40,1659,2
2453,3,46,2202,2
2454,3,13,2167,1
2455,3,14,1912,3
2456,1,20,2875,4
2457,1,5,1230,0
2458,1,7,4462,2
2459,2,43,3263,0
2460,3,9,1517,0
2461,2,35,2929,0
2462,3,6,4179,3
2463,1,23,2651,1
2464,3,28,1929,5
2465,2,33,675,3
2466,1,22,4340,3
2467,3,21,4643,2
2468,2,29,537,0
2469,3,24,371,5
2470,2,44,687,3
2471,1,13,2268,3
2472,2,33,4090,5
2473,3,50,430,3
2474,1,31,1464,5
2475,3,36,3626,4
2476,3,42,4988,5
2477,2,37,3776,5
2478,1,24,2735,5
2479,1,44,4154,1
2480,2,48,1501,3
2481,1,14,3853,5
2482,3,50,3309,1
2483,3,32,4671,2
2484,1,18,4200,3
2485,2,14,1649,3
2486,2,25,4992,5
2487,1,5,4335,4
2488,3,14,1816,4
2489,2,50,1900,0
2490,3,39,4201,1
2491,2,13,4459,5
2492,3,20,4305,2
2493,1,35,4150,0
2494,2,45,3563,3
2495,2,50,1407,4
2496,1,45,894,5
2497,2,25,1644,2
2498,2,11,1623,2
2499,1,11,674,0
2500,1,10,1570,5
2501,1,21,558,5
2502,2,29,2103,1
2503,1,26,1856,1
2504,1,22,873,0
2505,2,39,4390,4
2506,2,24,3284,1
2507,1,44,2214,1
2508,3,41,1095,5
2509,1,21,4024,0
2510,3,47,2986,4
2511,3,37,2787,3
2512,3,36,1574,4
2513,2,40,651,4
2514,1,32,518,1
2515,2,31,2676,0
2516,1,34,4637,3
2517,3,29,2745,0
2518,1,13,3179,1
2519,1,27,2526,4
2520,2,36,3439,2
2521,3,28,4832,0
2522,3,48,2414,1
2523,3,48,2286,4
2524,1,34,1508,0
2525,1,25,4496,3
2526,3,11,1910,1
2527,1,14,790,0
2528,3,30,2565,2
2529,2,18,4715,2
2530,1,28,2673,0
2531,2,30,3201,3
2532,3,40,1888,0
2533,3,25,1288,4
2534,1,48,4678,2
2535,1,10,3227,1
2536,3,34,2968,0
2537,2,47,4601,4
2538,1,9,506,2
2539,1,33,418,5
2540,3,31,1096,3
2541,3,9,779,0
2542,2,36,562,3
2543,3,34,1826,0
2544,3,22,1217,5
2545,1,29,3960,2
2546,2,40,371,2
2547,1,45,4408,0
2548,2,7,2086,0
2549,3,35,3596,3
2550,1,16,4805,4
2551,1,41,4502,3
2552,1,50,4576,5
2553,3,34,4802,5
2554,1,18,4903,2
2555,1,5,2596,2
2556,1,38,1378,4
2557,1,41,2740,3
2558,1,12,4102,4
2559,3,22,1865,1
2560,1,25,4770,2
2561,1,35,3665,0
2562,1,38,4818,3
2563,3,18,1188,4
2564,1,7,3627,4
2565,3,8,1569,4
2566,3,46,2050,1
2567,3,15,3244,5
2568,1,45,4170,3
2569,2,40,3407,4
2570,2,43,4068,5
2571,3,33,3123,4
2572,3,41,1969,4
2573,2,20,3953,3
2574,1,17,426,5
2575,1,46,419,4
2576,1,7,3165,4
2577,3,32,3346,4
2578,1,47,4369,1
2579,3,46,338,1
2580,1,32,2510,3
2581,3,24,3735,5
2582,2,23,1843,0
2583,3,40,3532,5
2584,1,8,535,3
2585,1,18,173,4
2586,2,9,4318,5
2587,3,36,843,4
2588,3,50,1107,5
2589,2,38,447,5
2590,3,22,2416,1
2591,2,50,3944,5
2592,3,9,472,1
2593,2,35,2205,4
2594,2,9,1790,4
2595,1,39,4708,1
2596,2,48,1281,0
2597,3,46,4260,0
2598,2,42,802,2
2599,2,25,2049,0
2600,3,44,2122,5
2601,3,13,3114,0
2602,3,49,532,0
2603,2,27,1919,5
2604,1,48,2380,4
2605,2,44,1670,0
2606,3,11,4036,5
2607,3,19,4028,2
2608,3,15,1742,1
2609,1,23,429,3
2610,2,12,1511,2
2611,1,47,3197,0
2612,1,29,1407,1
2613,2,7,3937,5
2614,3,32,4525,2
2615,1,42,2473,3
2616,2,29,1620,1
2617,2,29,714,2
2618,1,8,1261,5
2619,3,20,1003,0
2620,3,38,1581,0
2621,3,8,850,0
2622,1,7,3419,5
2623,2,15,2914,0
2624,1,20,2955,5
2625,1,45,1075,2
2626,2,38,4464,4
2627,3,6,3845,2
2628,2,32,1777,5
2629,3,11,1045,3
2630,3,41,3544,5
2631,1,37,986,3
2632,1,30,3941,2
2633,1,38,4053,2
2634,3,45,2070,5
2635,3,17,3637,3
2636,2,34,4438,3
2637,3,24,408,4
2638,3,13,2395,0
2639,2,21,3980,3
2640,3,16,1922,4
2641,1,20,720,0
2642,2,7,173,3
2643,1,19,3441,2
2644,2,26,4551,3
2645,1,5,2481,1
2646,1,48,3015,0
2647,2,49,1026,3
2648,3,43,3138,0
2649,1,24,1401,1
2650,1,8,856,5
2651,3,14,1849,0
2652,3,17,4865,0
2653,3,15,1355,0
2654,2,29,4085,5
2655,2,46,4262,1
2656,1,18,279,2
2657,3,36,108,3
2658,2,21,1160,4
2659,3,39,4264,5
2660,3,43,376,0
2661,3,28,2861,0
2662,1,32,155,5
2663,2,40,3128,3
2664,2,32,434,5
2665,2,44,4671,2
2666,1,6,2124,3
2667,3,23,832,2
2668,3,40,4768,3
2669,2,16,1602,4
2670,1,15,1699,2
2671,1,32,1483,5
2672,3,17,2113,3
2673,3,33,4261,1
2674,3,46,2382,0
2675,1,16,2928,3
2676,3,48,534,2
2677,1,20,4140,4
2678,3,37,4911,4
2679,2,20,1490,5
2680,2,49,2359,0
2681,1,23,4918,1
2682,3,21,2317,1
2683,2,39,1791,4
2684,2,45,4530,4
2685,2,39,2514,0
2686,1,9,2230,4
2687,3,33,2724,0
2688,3,49,1064,3
2689,1,40,3114,1
2690,3,5,3858,5
2691,1,40,1011,0
2692,2,13,1631,5
2693,1,30,4730,2
2694,2,41,4635,0
2695,3,39,2127,3
2696,1,25,3899,4
2697,2,25,4632,0
2698,1,23,4869,0
2699,1,30,4673,5
2700,2,8,4670,4
2701,1,14,1666,3
2702,3,42,828,2
2703,3,18,2873,2
2704,3,40,3835,0
2705,1,26,926,5
2706,1,34,1461,3
2707,1,45,1022,5
2708,2,6,3215,2
2709,2,30,2155,5
2710,1,7,4503,3
2711,1,26,1532,5
2712,1,5,2166,5
2713,2,21,3595,3
2714,1,6,3456,5
2715,2,14,3257,4
2716,1,36,975,1
2717,3,14,4459,1
2718,2,30,1252,5
2719,2,8,2533,2
2720,1,39,887,3
2721,1,14,2545,1
2722,3,16,4464,3
2723,3,46,1375,3
2724,1,46,935,2
2725,2,9,1482,1
2726,1,16,3898,1
2727,3,13,726,3
2728,1,33,2815,0
2729,2,31,1998,5
2730,3,9,2201,1
2731,2,6,383,1
2732,3,13,4066,5
2733,2,7,2772,2
2734,2,50,3414,3
2735,3,48,2623,4
2736,1,14,1008,2
2737,2,25,1669,2
2738,3,27,1560,1
2739,1,39,2856,0
2740,2,50,249,4
2741,2,15,3356,3
2742,2,48,2774,3
2743,2,24,115,4
2744,2,44,148,0
2745,3,33,4344,1
2746,3,13,4753,3
2747,2,41,2208,1
2748,2,49,2394,2
2749,2,29,3979,0
2750,1,48,3880,2
2751,1,6,973,2
2752,1,22,2938,4
2753,2,9,170,0
2754,3,5,4312,5
2755,1,34,3869,4
2756,3,13,3931,0
2757,1,38,364,4
2758,3,20,1385,4
2759,2,50,1058,3
2760,2,5,1448,0
2761,3,19,4778,4
2762,3,49,4132,4
2763,3,6,1870,4
2764,2,21,482,1
2765,1,8,2723,2
2766,1,21,4920,4
2767,3,50,3741,1
2768,1,26,4005,2
2769,2,42,928,2
2770,1,15,4325,0
2771,1,15,942,3
2772,1,48,3109,5
2773,2,8,3652,0
2774,3,20,1885,3
2775,2,34,801,5
2776,3,9,3455,0
2777,2,35,4178,1
2778,3,5,3309,1
2779,2,32,1839,3
2780,3,36,1894,1
2781,1,7,1310,0
2782,3,12,4674,5
2783,2,23,355,1
2784,3,12,397,2
2785,3,11,3706,2
2786,2,12,4682,1
2787,3,16,1111,3
2788,2,18,1001,5
2789,2,7,3645,3
2790,2,26,4327,4
2791,3,10,2781,0
2792,1,32,2484,0
2793,2,49,4733,1
2794,2,38,792,5
2795,1,34,1036,2
2796,2,27,286,4
2797,2,11,3450,2
2798,2,33,1437,0
2799,3,6,2008,2
2800,3,12,4112,4
2801,1,11,3619,1
2802,2,9,4029,3
2803,1,45,4863,0
2804,1,46,4652,3
2805,2,39,2313,2
2806,2,27,4781,3
2807,3,46,3312,4
2808,2,38,2971,5
2809,1,20,2133,0
2810,2,34,310,1
2811,1,16,4200,5
2812,2,5,1973,2
2813,3,17,3380,1
2814,3,6,430,2
2815,2,40,2951,3
2816,2,40,673,0
2817,2,43,791,4
2818,3,29,382,0
2819,2,15,777,5
2820,1,16,1675,1
2821,3,6,3687,3
2822,2,26,1519,1
2823,1,41,2656,2
2824,2,34,2532,1
2825,1,38,832,4
2826,3,44,2949,1
2827,3,32,3490,5
2828,1,48,272,1
2829,2,17,4171,0
2830,3,25,4722,4
2831,1,21,4878,2
2832,3,12,1539,0
2833,2,29,526,0
2834,3,16,2439,3
2835,2,6,3441,0
2836,1,48,1925,3
2837,1,44,708,0
2838,3,38,1861,1
2839,3,31,2812,3
2840,2,28,2847,5
2841,1,6,1226,2
2842,3,35,1388,5
2843,2,36,1997,2
2844,3,41,2191,3
2845,1,6,3159,0
2846,2,30,733,3
2847,2,5,4765,3
2848,1,40,2846,2
2849,1,41,696,2
2850,3,36,2907,1
2851,1,11,3884,4
2852,1,29,270,3
2853,1,42,1333,1
2854,3,48,279,4
2855,3,12,670,2
2856,1,23,1501,1
2857,1,10,3370,1
2858,2,44,4335,0
2859,3,21,356,2
2860,2,46,3742,5
2861,1,40,4918,5
2862,1,16,3397,3
2863,2,44,1002,4
2864,1,22,4772,0
2865,3,7,1995,3
2866,3,49,846,1
2867,2,5,1021,0
2868,1,19,625,2
2869,3,42,3217,0
2870,1,27,944,4
2871,3,29,3147,0
2872,2,28,339,4
2873,3,30,615,3
2874,1,44,796,3
2875,1,7,2488,2
2876,1,27,196,4
2877,2,29,4719,0
2878,3,13,4663,0
2879,1,5,1857,0
2880,2,47,583,0
2881,2,45,3364,2
2882,1,17,2978,3
2883,3,16,2582,2
2884,3,41,4055,3
2885,3,21,4143,2
2886,3,22,3778,5
2887,3,16,3677,4
2888,1,14,2708,2
2889,1,29,3656,1
2890,1,24,817,5
2891,2,41,1673,4
2892,3,43,3357,4
2893,1,35,3592,2
2894,2,45,2001,3
2895,2,34,3328,0
2896,2,9,4373,1
2897,2,31,3902,3
2898,3,30,4637,2
2899,3,38,3410,5
2900,2,34,2838,5
2901,1,34,1410,2
2902,2,25,1213,5
2903,2,48,2386,3
2904,1,28,2979,2
2905,3,42,934,5
2906,1,11,1182,2
2907,3,33,4854,2
2908,3,45,1942,2
2909,1,6,4810,2
2910,3,32,1062,2
2911,1,15,3691,4
2912,3,46,4924,1
2913,1,28,2307,3
2914,2,20,3857,2
2915,3,50,426,0
2916,2,37,4828,5
2917,1,25,1684,4
2918,3,13,4936,3
2919,1,6,4334,4
2920,3,19,4761,0
2921,3,43,4899,4
2922,2,16,287,5
2923,2,24,2433,4
2924,2,17,3783,2
2925,2,48,4422,1
2926,2,21,2994,1
2927,1,20,3624,3
2928,3,5,2653,1
2929,2,41,3917,2
2930,3,25,2320,3
2931,2,32,3670,1
2932,2,15,1465,2
2933,1,7,4293,0
2934,1,9,2061,1
2935,1,16,2152,0
2936,1,21,3883,0
2937,2,14,4133,0
2938,3,15,4943,2
2939,3,42,400,3
2940,3,48,245,5
2941,2,30,1367,2
2942,1,35,158,5
2943,1,26,4109,5
2944,2,20,3981,5
2945,1,47,876,4
2946,3,36,1509,1
2947,2,11,2920,3
2948,3,43,3144,2
2949,1,44,2698,4
2950,2,31,2632,3
2951,1,50,4057,4
2952,1,10,731,3
2953,2,6,2185,5
2954,3,7,1621,2
2955,3,48,2742,0
2956,2,23,4294,0
2957,2,29,1407,2
2958,1,9,2539,2
2959,1,33,3173,5
2960,1,36,1233,3
2961,2,14,822,1
2962,1,7,603,0
2963,1,41,2375,4
2964,2,24,1145,0
2965,3,17,1763,2
2966,2,48,2425,3
2967,1,14,4695,2
2968,3,44,3830,1
2969,1,31,4528,5
2970,2,8,836,0
2971,1,30,4952,1
2972,1,20,2783,1
2973,3,48,159,4
2974,3,20,3800,3
2975,2,23,1841,5
2976,3,38,2333,3
2977,1,37,1575,5
2978,2,21,4034,0
2979,1,36,4260,1
2980,3,38,2808,2
2981,2,8,1930,2
2982,3,42,2137,4
2983,2,30,1423,1
2984,3,22,3343,0
2985,1,48,1535,0
2986,3,18,3417,0
2987,1,28,1072,3
2988,1,41,3908,2
2989,2,20,2224,0
2990,2,20,3484,3
2991,2,6,4034,1
2992,2,23,408,1
2993,2,29,912,0
2994,3,19,3543,5
2995,1,30,2789,0
2996,2,32,4228,3
2997,2,14,2163,2
2998,1,8,4629,5
2999,2,16,2892,3
3000,1,14,2474,2
3001,3,23,806,2
3002,2,33,1165,3
3003,3,5,485,0
3004,2,12,1832,5
3005,3,8,2995,2
3006,2,33,1525,4
3007,3,28,2310,2
3008,1,18,658,2
3009,2,44,4289,3
3010,3,24,186,0
3011,2,22,1382,2
3012,3,5,4162,0
3013,3,42,2754,5
3014,2,29,4046,1
3015,1,36,3136,4
3016,1,43,3703,0
3017,1,14,979,3
3018,2,26,4744,0
3019,3,36,4944,0
3020,2,21,632,1
3021,3,24,2900,2
3022,1,34,2803,4
3023,3,45,4560,3
3024,3,31,1672,1
3025,3,49,4776,2
3026,2,24,1354,2
3027,3,32,4983,2
3028,3,21,880,3
3029,3,49,4324,0
3030,3,5,2389,0
3031,3,49,297,1
3032,1,47,3485,4
3033,1,48,4959,1
3034,1,34,210,3
3035,2,49,2857,1
3036,1,23,2113,0
3037,3,50,983,2
3038,1,35,2658,1
3039,1,8,2763,3
3040,3,24,3496,0
3041,3,37,1269,0
3042,3,10,3197,2
3043,2,43,1832,5
3044,2,8,1326,2
3045,3,21,852,0
3046,2,46,971,5
3047,1,25,2769,5
3048,2,32,957,0
3049,3,29,941,1
3050,3,46,1366,3
3051,1,9,3945,1
3052,3,46,4984,2
3053,3,21,4295,4
3054,3,28,297,1
3055,3,32,3928,5
3056,2,11,3195,4
3057,3,44,4162,3
3058,1,5,3132,3
3059,3,19,4784,3
3060,3,48,3299,3
3061,3,8,4667,5
3062,2,31,2328,4
3063,2,13,4491,1
3064,3,32,203,2
3065,2,34,2774,4
3066,1,13,1214,4
3067,3,17,2828,2
3068,1,21,2661,1
3069,1,11,3858,4
3070,3,29,993,1
3071,3,10,2976,3
3072,3,21,4868,3
3073,1,20,1984,3
3074,2,40,4105,3
3075,2,11,604,4
3076,1,41,3876,3
3077,1,21,2826,4
3078,1,41,2195,4
3079,3,15,1734,5
3080,2,42,3774,5
3081,1,8,826,4
3082,1,12,4325,5
3083,2,14,814,2
3084,2,44,4675,1
3085,3,30,2691,0
3086,2,50,670,4
3087,3,24,2416,3
3088,2,30,4189,3
3089,2,36,3406,1
3090,3,39,4228,4
3091,2,44,3970,5
3092,1,25,4534,2
3093,2,44,940,3
3094,2,44,1056,3
3095,3,16,3404,3
3096,3,8,2752,5
3097,3,8,1671,4
3098,3,22,1437,4
3099,3,24,2820,0
3100,2,26,3293,5
3101,1,20,1481,0
3102,1,34,2832,2
3103,3,27,1726,2
3104,3,33,4226,1
3105,3,30,2862,0
3106,2,23,1462,4
3107,2,39,3402,1
3108,2,22,250,1
3109,3,26,4553,3
3110,1,29,1625,4
3111,2,39,2826,3
3112,1,37,2618,1
3113,2,5,4980,1
3114,2,28,159,0
3115,2,26,384,0
3116,2,15,4497,4
3117,2,49,1920,5
3118,2,46,4198,4
3119,2,33,4971,4
3120,2,29,4774,3
3121,2,35,4774,5
3122,3,9,3475,1
3123,1,48,988,1
3124,2,7,2860,5
3125,3,34,1800,2
3126,2,18,3019,3
3127,3,31,4716,0
3128,3,21,1040,4
3129,1,29,1477,0
3130,1,17,4757,0
3131,3,15,1295,1
3132,1,41,1196,1
3133,3,25,470,4
3134,1,47,139,4
3135,2,28,1341,4
3136,1,8,2613,5
3137,3,33,2785,0
3138,1,29,2697,5
3139,2,27,3838,2
3140,3,38,2580,1
3141,3,11,3416,1
3142,3,34,3365,2
3143,1,42,4933,4
3144,3,19,111,1
3145,1,13,756,3
3146,1,16,4771,1
3147,3,11,367,3
3148,3,46,2434,1
3149,2,49,2831,3
3150,3,5,3039,3
3151,1,18,4971,5
3152,3,23,795,1
3153,3,40,1508,5
3154,1,6,4386,2
3155,3,31,2622,3
3156,3,29,3823,3
3157,1,5,1734,2
3158,1,33,1588,3
3159,2,27,4657,2
3160,3,21,2610,2
3161,3,33,3122,5
3162,1,44,469,2
3163,2,22,4406,2
3164,3,26,328,4
3165,3,27,2118,5
3166,2,25,3137,0
3167,1,16,1526,2
3168,3,30,1680,5
3169,3,23,2357,5
3170,3,28,1918,3
3171,3,32,4081,3
3172,3,18,105,5
3173,1,50,154,1
3174,3,44,4482,0
3175,2,32,1534,3
3176,2,50,2610,3
3177,2,42,2657,3
3178,2,21,2151,2
3179,1,10,156,4
3180,2,20,220,0
3181,2,44,171,1
3182,1,45,1418,2
3183,3,10,2740,4
3184,2,42,4875,0
3185,2,24,3092,2
3186,2,16,3087,3
3187,3,33,833,2
3188,2,7,2787,3
3189,3,27,3395,1
3190,2,28,4602,5
3191,1,26,1880,5
3192,1,42,4679,0
3193,3,12,3783,4
3194,1,14,230,0
3195,2,44,2766,3
3196,1,34,4741,3
3197,3,46,1242,4
3198,3,45,166,4
3199,1,48,3132,1
3200,2,22,3416,2
3201,1,25,4807,4
3202,3,41,4037,4
3203,1,26,4758,2
3204,3,8,3217,3
3205,3,33,2429,5
3206,2,22,327,0
3207,1,19,4774,4
3208,1,19,987,3
3209,2,45,4580,1
3210,1,28,2226,4
3211,3,12,1426,0
3212,2,42,386,0
3213,2,44,1779,0
3214,1,36,575,2
3215,3,43,4771,3
3216,1,47,1389,5
3217,1,26,3292,4
3218,3,23,2876,4
3219,2,29,3111,4
3220,1,37,214,4
3221,1,37,3040,1
3222,1,30,770,5
3223,2,39,3172,5
3224,3,35,4399,4
3225,2,18,4341,4
3226,1,23,4931,5
3227,1,41,1031,5
3228,3,16,2153,0
3229,3,14,3175,4
3230,3,45,3276,4
3231,3,26,644,4
3232,2,23,176,3
3233,3,9,4549,2
3234,3,38,2368,4
3235,2,40,2347,0
3236,2,43,1982,2
3237,3,19,1447,1
3238,2,11,442,3
3239,3,17,3882,3
3240,2,16,1803,3
3241,3,43,4272,0
3242,2,7,3310,4
3243,1,5,2945,4
3244,3,37,2204,0
3245,3,20,781,4
3246,3,29,4087,1
3247,1,9,2608,3
3248,1,18,870,4
3249,2,20,4877,0
3250,3,49,621,2
3251,3,21,4093,3
3252,3,45,2218,1
3253,3,6,592,0
3254,2,17,4522,3
3255,2,8,770,2
3256,1,43,3894,1
3257,3,25,3444,4
3258,3,5,1428,3
3259,1,32,286,4
3260,1,28,1785,2
3261,2,44,4009,4
3262,2,22,4443,4
3263,2,27,4373,4
3264,3,16,2212,3
3265,2,48,525,0
3266,2,36,2659,3
3267,1,23,2894,2
3268,2,25,2848,1
3269,1,33,853,1
3270,2,13,3069,0
3271,1,15,4781,2
3272,2,42,3501,5
3273,1,9,3948,2
3274,3,11,1828,3
3275,3,44,1537,0
3276,1,50,4158,5
3277,1,25,2123,2
3278,2,12,1278,5
3279,3,5,2761,0
3280,2,26,2442,5
3281,2,26,2643,2
3282,1,5,2487,5
3283,2,45,2060,0
3284,2,32,3994,0
3285,1,25,874,3
3286,3,7,4340,2
3287,2,22,866,5
3288,3,21,2402,4
3289,1,39,1641,4
3290,3,50,3946,1
3291,3,36,4048,2
3292,2,21,4959,5
3293,2,34,667,2
3294,1,45,1763,2
3295,1,36,626,4
3296,3,27,1397,1
3297,1,22,1786,2
3298,2,10,1411,1
3299,3,29,1245,1
3300,3,24,4372,1
3301,3,25,1506,2
3302,3,45,2709,1
3303,1,23,1982,4
3304,2,50,257,3
3305,2,13,2172,3
3306,2,22,3829,1
3307,3,49,3635,1
3308,2,17,1428,3
3309,2,6,3939,1
3310,2,37,2296,5
3311,2,44,294,5
3312,1,21,1542,4
3313,1,14,2644,5
3314,3,25,3072,3
3315,2,33,4266,3
3316,3,6,4844,1
3317,1,6,3562,4
3318,3,39,4944,0
3319,2,22,1267,0
3320,1,24,4597,4
3321,1,16,1151,0
3322,2,7,244,0
3323,3,39,845,2
3324,2,39,815,2
3325,2,16,4969,3
3326,3,7,1004,2
3327,2,15,1633,0
3328,2,32,4409,1
3329,3,19,4071,1
3330,1,15,4295,4
3331,1,18,3493,2
3332,1,19,1790,4
3333,1,44,818,5
3334,1,32,1087,0
3335,2,29,4369,2
3336,1,36,1428,0
3337,1,24,2362,2
3338,1,28,1239,1
3339,1,25,2524,1
3340,1,34,2490,4
3341,2,50,3934,2
3342,2,7,4297,5
3343,3,34,4115,4
3344,3,47,1775,4
3345,3,5,3840,5
3346,1,42,3262,4
3347,1,47,1206,0
3348,3,28,4844,5
3349,3,40,4951,3
3350,3,5,731,1
3351,1,12,1684,3
3352,3,44,998,2
3353,1,43,4816,5
3354,2,11,4652,1
3355,1,23,201,5
3356,2,38,1832,3
3357,2,7,3676,3
3358,1,47,2253,0
3359,2,12,4138,3
3360,1,24,1506,2
3361,2,24,3503,0
3362,2,28,781,1
3363,2,21,1210,0
3364,1,32,3551,3
3365,2,43,2740,5
3366,1,18,1395,1
3367,3,32,332,5
3368,1,39,2895,0
3369,1,22,1625,3
3370,2,36,4628,1
3371,1,33,4112,5
3372,2,26,954,5
3373,3,31,3085,1
3374,2,13,2869,5
3375,2,48,954,3
3376,2,19,1236,1
3377,2,28,1005,0
3378,3,29,3643,4
3379,1,42,2535,3
3380,1,46,3700,3
3381,1,16,441,0
3382,1,15,1093,3
3383,2,38,2454,2
3384,2,43,1968,3
3385,3,38,2371,5
3386,1,47,2066,4
3387,2,14,613,5
3388,1,18,4357,2
3389,2,48,1988,4
3390,1,18,1974,5
3391,1,28,1985,0
3392,2,19,2499,2
3393,2,45,1347,0
3394,3,8,3176,0
3395,1,34,1800,5
3396,3,37,2345,3
3397,3,34,3757,0
3398,2,47,3349,0
3399,3,24,2783,2
3400,1,39,1245,0
3401,1,48,931,2
3402,1,44,818,4
3403,2,31,1701,0
3404,3,31,2359,4
3405,1,22,169,5
3406,2,46,3608,4
3407,1,30,1089,4
3408,1,32,1291,5
3409,2,43,722,5
3410,3,12,2588,3
3411,3,41,2262,0
3412,1,12,3798,3
3413,3,21,4842,3
3414,3,14,4569,3
3415,1,20,2291,5
3416,2,40,2570,3
3417,1,49,2219,3
3418,3,13,4723,3
3419,1,19,2961,2
3420,3,27,515,3
3421,2,27,4015,4
3422,3,6,1718,4
3423,3,24,3820,2
3424,3,14,1934,2
3425,3,22,943,0
3426,3,46,3414,5
3427,1,32,3782,5
3428,3,35,4177,2
3429,1,48,1025,3
3430,2,18,650,2
3431,3,50,3073,0
3432,1,18,4909,4
3433,1,23,3117,2
3434,3,29,2801,1
3435,2,14,978,5
3436,1,43,393,0
3437,3,20,3014,1
3438,2,11,4864,3
3439,2,32,3094,0
3440,3,10,4487,1
3441,1,13,3284,5
3442,1,18,3835,4
3443,3,43,1936,0
3444,1,22,783,0
3445,3,15,747,0
3446,3,21,4677,4
3447,3,41,313,0
3448,2,16,4274,0
3449,3,24,1489,3
3450,2,47,967,5
3451,2,38,3756,1
3452,1,45,285,2
3453,2,23,1554,0
3454,1,28,3838,2
3455,1,30,958,3
3456,1,6,1238,1
3457,3,25,2340,0
3458,2,36,4895,3
3459,1,20,4046,1
3460,1,31,2798,0
3461,1,9,1166,5
3462,1,16,3796,2
3463,2,40,3486,1
3464,3,16,4735,5
3465,3,20,1985,2
3466,2,35,1501,4
3467,2,36,3584,5
3468,1,27,3792,1
3469,1,30,4196,4
3470,1,15,4702,5
3471,2,24,4691,5
3472,2,36,3105,1
3473,1,41,1467,5
3474,3,42,622,4
3475,2,34,4955,2
3476,1,41,1088,0
3477,3,27,1487,4
3478,2,41,3956,0
3479,3,39,200,3
3480,1,8,1208,4
3481,2,41,3214,2
3482,1,46,3579,5
3483,1,12,559,3
3484,3,21,1762,4
3485,1,46,1454,2
3486,1,22,2363,5
3487,2,31,2219,1
3488,2,39,3420,0
3489,1,40,3367,1
3490,3,46,3221,1
3491,3,22,4431,5
3492,3,28,2280,0
3493,1,23,3882,3
3494,2,10,3389,5
3495,2,21,4582,1
3496,1,36,2108,0
3497,2,45,4076,0
3498,1,30,891,5
3499,1,7,2057,3
3500,1,31,872,2
3501,1,29,3458,2
3502,1,31,1350,1
3503,1,39,1677,5
3504,2,49,4256,3
3505,3,38,2435,3
3506,2,31,4173,4
3507,1,7,2903,3
3508,2,37,4297,0
3509,1,8,3054,1
3510,1,22,3212,2
3511,1,22,2372,1
3512,3,18,138,2
3513,3,37,4632,4
3514,1,14,3518,1
3515,1,21,2045,0
3516,1,8,2490,5
3517,2,19,1294,2
3518,2,41,3163,2
3519,3,40,2018,2
3520,1,26,3647,1
3521,3,17,4021,3
3522,3,28,936,2
3523,3,25,1500,5
3524,3,36,154,3
3525,2,48,1845,4
3526,3,50,1387,5
3527,1,38,917,2
3528,2,12,4918,1
3529,3,50,2053,1
3530,3,46,4671,3
3531,1,34,4354,5
3532,1,43,983,4
3533,3,13,2643,1
3534,3,39,3664,3
3535,2,46,366,4
3536,2,19,3229,3
3537,1,18,2943,4
3538,3,47,426,1
3539,3,49,939,0
3540,2,6,533,0
3541,2,37,432,4
3542,1,49,198,4
3543,1,30,1880,2
3544,2,41,3821,3
3545,3,50,3655,1
3546,3,18,1175,5
3547,2,26,2708,4
3548,1,6,4172,3
3549,1,16,2495,5
3550,3,38,1205,4
3551,3,15,2238,4
3552,3,47,224,5
3553,3,18,4936,1
3554,2,6,134,4
3555,2,33,3121,0
3556,1,37,1907,4
3557,3,37,4473,2
3558,1,33,1195,3
3559,2,30,1702,5
3560,2,18,2332,0
3561,1,37,2239,3
3562,1,40,323,5
3563,1,35,4617,2
3564,1,33,1669,5
3565,3,32,608,3
3566,3,10,1507,0
3567,1,26,4241,5
3568,3,17,264,1
3569,1,14,265,0
3570,2,47,1619,2
3571,2,44,445,3
3572,1,10,2803,0
3573,3,47,560,0
3574,3,39,698,3
3575,1,46,1759,1
3576,2,41,1997,4
3577,3,26,1928,3
3578,1,14,2974,0
3579,3,10,2791,1
3580,3,25,4657,1
3581,1,43,1892,1
3582,1,46,2922,1
3583,1,37,1020,2
3584,2,7,2007,5
3585,3,48,4131,4
3586,2,47,2146,4
3587,1,25,1684,1
3588,1,20,4427,2
3589,1,23,203,1
3590,1,8,929,3
3591,2,25,4339,0
3592,1,33,4106,5
3593,3,41,1392,4
3594,2,6,2560,5
3595,2,45,3599,2
3596,2,25,2602,0
3597,2,36,3068,2
3598,2,25,2043,2
3599,1,28,2459,5
3600,2,29,1278,2
3601,3,34,3470,4
3602,1,48,438,0
3603,3,24,4891,2
3604,2,9,3359,0
3605,3,6,4595,3
3606,1,37,3115,3
3607,1,5,1772,3
3608,1,28,894,1
3609,2,48,3707,0
3610,1,48,4200,1
3611,2,30,2756,4
3612,2,31,4718,3
3613,1,46,3586,3
3614,1,33,100,3
3615,3,7,4979,5
3616,3,35,2235,1
3617,3,19,1538,4
3618,1,17,4676,0
3619,1,13,1707,1
3620,2,32,373,4
3621,1,28,416,1
3622,1,37,1143,4
3623,3,5,3273,2
3624,3,31,1883,5
3625,1,26,1312,5
3626,2,36,1636,0
3627,2,47,3733,0
3628,2,17,750,2
3629,1,6,3668,1
3630,1,30,1022,1
3631,1,39,1792,2
3632,3,14,2103,2
3633,2,42,4553,1
3634,3,14,3038,5
3635,2,6,2934,1
3636,2,10,687,2
3637,3,43,2121,2
3638,2,28,2191,1
3639,2,50,2118,1
3640,1,19,3202,4
3641,3,10,891,1
3642,1,17,2456,5
3643,3,22,2131,4
3644,1,24,1854,0
3645,3,31,3790,3
3646,3,15,4408,5
3647,2,33,3366,3
3648,3,48,4737,5
3649,2,9,4957,5
3650,3,13,4914,1
3651,3,18,2317,1
3652,1,24,2103,2
3653,2,9,2397,3
3654,3,30,2513,4
3655,1,25,3347,5
3656,1,48,2066,0
3657,1,23,2917,5
3658,3,42,4731,5
3659,1,40,3148,4
3660,3,30,545,5
3661,2,37,3822,1
3662,2,23,3378,5
3663,3,32,4428,3
3664,2,5,3859,5
3665,1,26,869,0
3666,1,8,2882,0
3667,3,34,249,5
3668,2,34,2589,0
3669,2,46,2089,2
3670,3,27,1556,5
3671,1,12,3626,2
3672,2,42,3777,2
3673,2,47,3571,1
3674,1,19,4536,2
3675,3,9,3470,2
3676,3,37,350,1
3677,1,21,4986,5
3678,3,26,2172,5
3679,1,11,2482,4
3680,3,8,4899,3
3681,1,33,2239,5
3682,1,16,4653,1
3683,1,31,1154,1
3684,2,10,2336,4
3685,3,13,4493,5
3686,2,22,2836,2
3687,1,12,2844,5
3688,2,5,1640,2
3689,1,18,4598,1
3690,3,38,4562,5
3691,1,46,1167,1
3692,1,42,3393,0
3693,3,8,2236,3
3694,2,30,3168,2
3695,1,25,748,5
3696,1,38,4973,3
3697,1,9,3514,1
3698,1,8,4803,5
3699,3,22,3436,3
3700,2,40,1332,4
3701,1,36,4929,5
3702,1,14,2069,0
3703,1,10,3351,4
3704,3,6,2922,1
3705,3,20,115,2
3706,3,5,3119,1
3707,3,24,3124,0
3708,2,14,3093,5
3709,2,40,647,5
3710,1,15,2441,1
3711,1,11,146,5
3712,3,31,4233,2
3713,1,29,3144,3
3714,3,35,4264,5
3715,2,10,303,0
3716,1,47,2066,1
3717,1,22,3307,3
3718,3,5,1318,2
3719,3,27,1486,1
3720,1,42,1456,5
3721,1,9,3110,1
3722,3,27,1488,5
3723,1,25,2291,1
3724,1,18,431,5
3725,1,40,2559,3
3726,2,30,3610,5
3727,1,32,2776,4
3728,2,15,4893,5
3729,3,20,2934,5
3730,1,26,1823,1
3731,2,12,4794,0
3732,3,5,1969,0
3733,2,48,2685,1
3734,3,14,3069,4
3735,2,50,3383,5
3736,1,18,1751,5
3737,1,6,3130,4
3738,1,5,141,1
3739,1,37,197,2
3740,3,29,1795,2
3741,3,48,1201,0
3742,3,11,764,4
3743,2,8,4222,1
3744,3,26,397,2
3745,2,24,2710,4
3746,1,25,3297,0
3747,1,21,690,3
3748,3,33,1984,3
3749,2,24,4379,0
3750,3,36,3778,5
3751,3,39,480,1
3752,1,28,794,4
3753,1,6,457,2
3754,1,48,839,3
3755,2,16,112,0
3756,3,6,2471,4
3757,2,19,453,5
3758,3,37,2629,5
3759,3,19,336,3
3760,3,26,1407,2
3761,1,49,3061,0
3762,2,25,883,0
3763,1,35,3350,3
3764,3,50,3890,3
3765,2,24,3146,1
3766,2,5,3852,0
3767,3,27,2602,1
3768,2,25,4175,2
3769,2,23,4770,5
3770,2,35,4000,0
3771,3,21,2715,2
3772,1,16,3161,3
3773,2,13,759,5
3774,2,27,121,5
3775,1,48,2706,0
3776,1,33,2062,2
3777,3,46,2271,5
3778,1,14,2837,3
3779,1,41,4609,5
3780,3,17,543,0
3781,1,8,3958,0
3782,3,31,1356,3
3783,1,13,4575,2
3784,3,12,307,3
3785,1,8,4940,2
3786,2,16,4346,3
3787,1,46,145,3
3788,2,23,3450,0
3789,1,40,884,3
3790,3,37,102,2
3791,3,46,4633,2
3792,2,30,2822,1
3793,2,45,1547,4
3794,3,37,2299,0
3795,3,10,2559,4
3796,2,34,3132,4
3797,3,47,503,0
3798,2,21,3866,1
3799,1,5,4396,1
3800,1,34,1129,1
3801,1,39,2333,3
3802,3,15,1432,2
3803,3,36,3358,1
3804,2,34,3044,2
3805,2,13,440,3
3806,3,45,3762,4
3807,2,33,4979,4
3808,2,36,4327,3
3809,2,8,801,1
3810,2,20,191,4
3811,3,19,1482,5
3812,2,36,4677,5
3813,3,41,1560,3
3814,3,24,2751,5
3815,2,29,261,1
3816,3,34,3089,0
3817,1,28,865,3
3818,3,32,1589,1
3819,3,44,462,0
3820,3,26,3122,0
3821,3,11,4522,4
3822,1,14,4257,1
3823,1,29,1827,3
3824,1,29,4600,4
3825,2,22,2815,0
3826,3,20,1354,3
3827,2,36,4877,0
3828,3,22,2385,5
3829,1,17,2539,2
3830,1,43,611,2
3831,1,27,2354,1
3832,2,41,4249,4
3833,2,10,1041,3
3834,3,35,2451,5
3835,3,18,1281,3
3836,1,20,192,2
3837,3,34,2458,4
3838,1,5,4843,5
3839,1,18,4756,2
3840,3,12,3629,1
3841,3,30,3546,3
3842,2,40,3694,0
3843,2,14,2681,5
3844,3,46,3305,4
3845,3,49,4981,4
3846,1,15,554,4
3847,1,40,3566,0
3848,2,19,3034,3
3849,2,31,3953,0
3850,1,30,1517,0
3851,3,45,1994,3
3852,1,6,4026,4
3853,2,17,818,3
3854,1,49,3948,1
3855,2,35,4502,0
3856,3,26,4010,4
3857,3,14,4245,1
3858,3,23,1185,5
3859,3,16,827,3
3860,1,50,3821,4
3861,3,16,4188,4
3862,3,28,1139,4
3863,1,15,4912,3
3864,3,7,2944,1
3865,1,18,412,1
3866,1,30,4002,4
3867,1,23,2632,1
3868,3,19,1922,0
3869,3,12,1615,4
3870,3,21,3710,5
3871,2,13,2628,4
3872,2,8,3713,5
3873,1,13,2424,3
3874,3,20,4304,5
3875,3,44,1456,3
3876,3,18,2964,3
3877,3,43,4698,4
3878,1,9,3384,3
3879,1,50,521,3
3880,3,7,3533,3
3881,1,20,4411,4
3882,2,13,702,0
3883,3,11,597,0
3884,1,18,3842,5
3885,3,10,915,1
3886,1,13,3626,3
3887,1,15,777,3
3888,3,18,2796,1
3889,2,37,1998,5
3890,3,41,1922,3
3891,3,19,277,3
3892,2,12,3425,0
3893,2,45,4933,0
3894,2,34,3760,1
3895,2,50,2855,1
3896,1,14,421,2
3897,2,38,4208,5
3898,3,43,1073,4
3899,2,48,3315,5
3900,2,37,388,0
3901,2,30,3275,3
3902,1,36,4356,2
3903,1,47,4640,5
3904,1,42,4002,5
3905,3,29,2777,0
3906,1,35,208,0
3907,1,37,4013,1
3908,1,15,396,5
3909,2,33,4073,1
3910,3,34,201,4
3911,2,38,1851,3
3912,3,30,2440,5
3913,3,20,2583,3
3914,2,27,2908,3
3915,3,26,965,2
3916,2,47,1997,3
3917,2,41,1086,4
3918,1,15,1947,5
3919,1,28,477,3
3920,2,48,1126,3
3921,1,14,1400,1
3922,2,20,3474,3
3923,1,7,1636,1
3924,1,34,1193,0
3925,3,25,1033,4
3926,3,46,1349,2
3927,2,43,1039,5
3928,3,29,3815,3
3929,3,48,123,4
3930,1,37,3097,1
3931,2,39,2643,0
3932,2,20,4349,5
3933,1,24,1143,0
3934,2,34,1884,3
3935,3,13,3886,2
3936,3,24,3785,3
3937,1,46,3006,2
3938,2,49,4406,0
3939,1,13,3764,2
3940,2,38,3130,2
3941,3,11,1110,3
3942,2,44,2441,4
3943,2,43,3640,0
3944,2,22,983,0
3945,2,43,2066,5
3946,3,15,2591,4
3947,3,34,1167,1
3948,2,15,3114,1
3949,2,44,4768,2
3950,3,40,2538,5
3951,3,11,2185,3
3952,3,35,4561,1
3953,1,16,270,4
3954,1,5,338,1
3955,1,36,4718,5
3956,3,24,2278,3
3957,2,40,2308,1
3958,3,27,3687,2
3959,2,35,3386,0
3960,1,27,3682,3
3961,2,45,2463,1
3962,3,13,2950,2
3963,2,18,4514,3
3964,2,41,4313,3
3965,1,23,2930,2
3966,2,7,2022,0
3967,3,41,186,4
3968,1,46,3488,1
3969,2,34,3311,0
3970,1,29,4095,3
3971,1,7,3910,2
3972,1,9,2858,0
3973,1,16,4283,3
3974,3,8,523,0
3975,1,43,1182,3
3976,3,49,2534,5
3977,1,43,4704,3
3978,2,47,1681,1
3979,3,7,3193,5
3980,3,30,3860,3
3981,1,24,3677,2
3982,3,38,2673,4
3983,3,35,2904,3
3984,3,40,1546,0
3985,2,20,2631,5
3986,3,24,1729,2
3987,3,39,834,4
3988,3,26,4680,3
3989,3,38,1325,4
3990,1,40,3772,5
3991,1,36,4144,0
3992,1,14,2489,2
3993,3,45,3306,1
3994,1,7,1091,0
3995,1,37,1510,2
3996,3,18,4980,4
3997,2,39,2900,1
3998,2,44,3553,5
3999,1,35,3458,3
4000,2,18,167,3
4001,3,12,391,5
4002,1,40,2267,3
4003,1,29,4421,2
4004,3,8,4087,1
4005,2,11,3186,2
4006,2,40,1929,5
4007,2,37,895,0
4008,1,17,355,2
4009,2,37,4665,3
4010,3,19,4599,3
4011,2,20,2848,0
4012,1,34,4512,5
4013,3,50,137,4
4014,1,20,110,5
4015,1,18,2270,5
4016,2,36,4218,4
4017,1,19,704,0
4018,3,14,1999,4
4019,3,5,370,3
4020,1,28,1954,5
4021,1,26,3128,0
4022,3,9,4495,4
4023,1,33,4922,2
4024,1,18,2674,3
4025,3,37,301,5
4026,2,46,790,0
4027,2,42,2148,0
4028,3,27,1449,1
4029,3,47,3027,0
4030,3,38,2986,2
4031,3,21,2280,2
4032,1,33,2392,0
4033,3,45,4246,1
4034,2,47,881,4
4035,1,50,703,4
4036,2,5,294,5
4037,2,39,4383,2
4038,3,18,1183,1
4039,2,37,1353,1
4040,3,16,1738,5
4041,1,31,3104,5
4042,1,27,1776,4
4043,1,16,2301,3
4044,1,40,2219,1
4045,3,19,3315,4
4046,3,25,228,2
4047,3,7,3072,5
4048,1,30,1537,1
4049,3,50,2709,3
4050,2,7,4254,2
4051,2,8,2873,5
4052,3,13,311,1
4053,1,35,1879,0
4054,1,25,4412,2
4055,2,48,285,2
4056,1,47,1555,4
4057,2,46,1982,3
4058,2,18,670,3
4059,2,16,1649,2
4060,2,44,3283,4
4061,1,13,747,5
4062,2,42,2783,4
4063,1,14,3884,5
4064,2,10,1427,0
4065,1,18,4762,2
4066,3,44,1459,1
4067,2,22,3087,5
4068,2,10,2205,0
4069,1,15,1163,5
4070,1,13,1370,0
4071,1,20,2645,1
4072,2,22,2321,4
4073,2,38,503,4
4074,1,16,3182,3
4075,2,20,4989,2
4076,1,40,2888,2
4077,1,35,3895,3
4078,1,35,4775,1
4079,3,37,1614,3
4080,3,39,2223,5
4081,1,26,3903,5
4082,1,12,2384,1
4083,3,25,126,3
4084,2,19,925,0
4085,1,42,2356,2
4086,2,23,4911,0
4087,1,28,1519,5
4088,3,22,917,2
4089,3,38,4686,0
4090,3,17,3317,0
4091,1,33,1820,0
4092,1,14,964,1
4093,3,13,4606,1
4094,1,22,4322,1
4095,2,35,1666,0
4096,1,6,1063,3
4097,3,39,667,2
4098,2,27,2781,3
4099,2,30,4655,5
4100,3,30,386,5
4101,1,6,2948,1
4102,3,13,2347,1
4103,3,22,1879,4
4104,1,42,2658,3
4105,3,24,1592,0
4106,3,7,3372,0
4107,2,27,2027,0
4108,2,18,2270,1
4109,2,25,1730,4
4110,1,38,1470,2
4111,2,43,2135,1
4112,1,26,4033,0
4113,3,11,3474,4
4114,3,25,2404,0
4115,1,33,877,5
4116,1,45,2718,5
4117,2,10,4341,4
4118,3,12,2838,0
4119,3,33,4018,5
4120,2,37,2601,3
4121,1,7,3903,4
4122,3,14,2930,4
4123,3,47,1505,1
4124,3,24,4728,2
4125,3,34,4631,3
4126,2,22,1189,4
4127,3,47,4629,4
4128,2,40,1136,0
4129,2,39,2430,1
4130,2,30,4281,0
4131,1,38,855,4
4132,3,42,2890,0
4133,3,49,3642,1
4134,1,18,979,4
4135,1,5,4186,2
4136,3,37,4561,4
4137,2,47,3037,2
4138,2,46,227,5
4139,1,18,503,0
4140,2,48,2659,3
4141,3,30,144,5
4142,2,25,3616,1
4143,2,9,645,5
4144,3,35,3431,2
4145,1,28,1966,5
4146,1,28,4650,3
4147,2,31,2942,5
4148,3,44,3463,0
4149,1,15,3875,4
4150,3,40,1490,0
4151,2,8,3596,1
4152,2,12,1930,2
4153,1,21,3625,3
4154,1,6,1049,0
4155,3,37,4283,5
4156,3,34,784,0
4157,3,34,1528,3
4158,2,27,3018,0
4159,1,22,3512,4
4160,3,9,2475,0
4161,3,23,1580,0
4162,3,22,2770,2
4163,2,33,4660,0
4164,2,26,3449,1
4165,3,18,749,5
4166,3,41,2021,5
4167,2,8,3249,2
4168,1,35,1424,4
4169,1,6,1290,4
4170,3,39,1553,3
4171,3,6,1051,1
4172,1,15,1728,4
4173,2,30,3011,5
4174,2,13,356,3
4175,2,27,2826,0
4176,3,36,2683,3
4177,1,38,2920,4
4178,3,35,1016,0
4179,2,9,1012,3
4180,1,21,4390,4
4181,2,24,3429,2
4182,3,41,3565,3
4183,2,45,3767,0
4184,3,5,3240,3
4185,1,20,4416,4
4186,3,49,928,1
4187,3,12,3900,4
4188,1,35,1292,4
4189,1,8,2089,5
4190,2,16,1175,4
4191,1,48,1861,2
4192,3,33,1820,3
4193,3,20,3443,5
4194,3,19,3627,0
4195,3,26,2637,5
4196,2,7,790,1
4197,2,33,2530,2
4198,2,25,2388,2
4199,3,18,2041,1
4200,1,20,2390,3
4201,2,39,2545,3
4202,3,8,1732,0
4203,3,27,775,1
4204,3,17,2099,1
4205,3,34,3555,3
4206,1,32,2784,0
4207,1,5,4812,2
4208,1,41,991,5
4209,1,41,4207,0
4210,1,14,4932,5
4211,1,32,1831,3
4212,2,13,1846,3
4213,3,6,1810,4
4214,1,15,4890,3
4215,1,29,3373,2
4216,1,13,1718,2
4217,3,12,2862,4
4218,1,31,473,0
4219,1,47,3957,4
4220,1,23,2729,5
4221,2,25,2027,5
4222,1,39,1376,1
4223,1,44,687,2
4224,2,20,2422,2
4225,1,16,351,0
4226,1,50,4004,5
4227,3,26,3442,4
4228,2,29,3784,3
4229,2,50,3788,2
4230,3,39,4953,0
4231,3,21,3473,0
4232,3,28,4327,1
4233,3,28,4063,5
4234,1,26,2913,5
4235,1,30,2987,2
4236,3,32,2418,4
4237,2,28,4371,0
4238,3,41,1204,5
4239,1,14,205,2
4240,1,28,3313,4
4241,2,8,4449,2
4242,2,12,1302,0
4243,2,20,752,5
4244,2,29,1224,4
4245,3,14,2592,4
4246,2,48,476,3
4247,3,28,584,1
4248,1,9,1399,5
4249,3,18,1145,0
4250,3,48,3831,4
4251,3,35,1660,3
4252,2,20,3105,1
4253,3,27,2283,5
4254,2,30,3057,4
4255,3,9,906,5
4256,2,5,944,4
4257,2,32,2067,0
4258,1,20,2401,1
4259,3,42,880,5
4260,1,46,323,4
4261,1,28,4882,5
4262,2,43,2649,4
4263,3,22,2941,0
4264,2,26,147,1
4265,2,24,1065,0
4266,3,9,2960,3
4267,1,28,658,0
4268,1,45,1479,2
4269,2,10,2615,3
4270,3,31,1092,2
4271,3,44,4512,4
4272,1,36,4328,2
4273,2,14,4667,1
4274,3,40,3063,3
4275,2,20,1950,1
4276,3,40,435,3
4277,1,26,4017,2
4278,2,14,435,4
4279,3,8,4184,5
4280,2,10,1289,1
4281,3,42,506,0
4282,3,24,2179,1
4283,3,11,3825,4
4284,1,5,1709,4
4285,1,49,2442,0
4286,2,50,4025,5
4287,3,7,4146,4
4288,2,20,1309,3
4289,3,11,3631,4
4290,1,12,3954,5
4291,2,14,549,5
4292,2,44,1952,5
4293,3,37,2837,5
4294,1,31,917,0
4295,1,30,2436,3
4296,2,17,1771,2
4297,2,46,2494,1
4298,1,19,1241,5
4299,1,33,306,3
4300,1,25,931,3
4301,3,37,1617,3
4302,2,25,1310,1
4303,1,50,3523,0
4304,3,26,4369,3
4305,3,13,880,1
4306,1,19,4369,3
4307,3,8,4686,5
4308,2,7,760,0
4309,2,10,310,0
4310,3,7,4521,2
4311,2,49,2846,0
4312,2,30,1294,5
4313,1,23,4565,2
4314,2,9,651,4
4315,3,5,2010,3
4316,2,17,4619,2
4317,3,18,897,2
4318,1,24,2713,5
4319,2,13,3429,5
4320,3,26,944,3
4321,2,40,814,0
4322,2,37,3828,2
4323,1,26,1117,0
4324,1,8,4817,0
4325,2,22,4956,2
4326,1,15,3985,5
4327,2,7,2629,3
4328,1,35,2517,0
4329,2,13,2647,2
4330,1,39,4644,4
4331,2,16,3780,1
4332,1,32,3406,4
4333,3,33,3838,2
4334,1,17,1255,3
4335,2,30,3019,0
4336,2,45,4869,5
4337,1,11,799,1
4338,3,26,1564,3
4339,2,21,4372,3
4340,3,29,2897,4
4341,2,32,4738,2
4342,1,50,2232,1
4343,2,27,4114,4
4344,1,45,3181,3
4345,2,39,2721,0
4346,1,6,3981,5
4347,1,49,1203,1
4348,3,15,3815,4
4349,2,8,1263,1
4350,3,20,4043,0
4351,1,46,825,2
4352,2,47,3924,3
4353,1,8,1831,1
4354,3,34,1158,1
4355,3,6,1030,1
4356,1,46,4584,2
4357,3,43,416,4
4358,3,44,1603,1
4359,3,48,4307,0
4360,2,44,571,2
4361,3,10,4871,3
4362,3,10,1592,0
4363,2,49,2199,2
4364,3,26,1003,1
4365,2,26,102,4
4366,3,27,1350,0
4367,2,41,457,3
4368,3,20,2291,4
4369,3,24,265,3
4370,1,40,1853,3
4371,1,5,1906,5
4372,1,27,3062,5
4373,2,40,1025,1
4374,1,11,3243,2
4375,2,7,3434,2
4376,2,29,1612,2
4377,1,30,3088,3
4378,3,28,920,0
4379,2,34,4466,4
4380,1,8,2031,5
4381,2,6,2910,5
4382,3,33,4243,4
4383,3,47,256,4
4384,3,5,905,4
4385,3,41,168,2
4386,2,35,1032,0
4387,3,7,4898,2
4388,3,45,996,4
4389,2,38,3724,5
4390,3,11,1425,5
4391,3,19,1170,0
4392,3,29,488,0
4393,2,30,3852,3
4394,3,50,2995,3
4395,2,6,4305,0
4396,2,18,2285,0
4397,2,40,4169,2
4398,2,31,2396,4
4399,3,10,2444,5
4400,1,47,3369,3
4401,3,19,902,4
4402,3,7,418,1
4403,1,17,2618,4
4404,2,13,1874,1
4405,2,39,4272,3
4406,2,45,2239,4
4407,3,12,2014,1
4408,1,38,4175,5
4409,3,18,4605,4
4410,3,38,2316,1
4411,2,43,214,1
4412,2,13,4657,1
4413,1,45,1809,0
4414,3,8,895,3
4415,2,17,372,2
4416,3,34,2338,0
4417,1,5,3257,1
4418,2,29,2897,2
4419,3,23,1060,3
4420,2,6,534,1
4421,3,35,3289,1
4422,2,21,4162,3
4423,2,47,4223,0
4424,2,50,164,1
4425,3,27,1239,0
4426,2,18,2160,1
4427,1,46,1581,3
4428,1,30,3291,0
4429,2,28,3374,1
4430,3,17,227,5
4431,3,12,2306,5
4432,3,11,867,4
4433,3,49,4101,5
4434,3,21,3990,5
4435,1,21,3812,0
4436,1,15,4525,5
4437,2,34,985,1
4438,2,29,2150,0
4439,3,7,2510,0
4440,3,6,2296,3
4441,1,42,3380,1
4442,3,14,2101,3
4443,3,12,3114,5
4444,1,17,1171,4
4445,1,34,2783,4
4446,3,25,2721,0
4447,1,20,770,3
4448,1,25,3115,5
4449,2,47,4316,4
4450,3,15,617,1
4451,1,41,1265,1
4452,2,27,2495,2
4453,1,19,1342,2
4454,3,14,2920,2
4455,2,39,4096,4
4456,2,14,2193,5
4457,3,22,3294,5
4458,3,48,1055,0
4459,1,16,4178,0
4460,3,11,4969,3
4461,1,14,2666,5
4462,1,14,4706,5
4463,3,7,2108,3
4464,1,21,2800,0
4465,2,9,4139,4
4466,2,27,3932,1
4467,3,34,4469,2
4468,3,38,1324,0
4469,2,30,2258,5
4470,1,38,4112,5
4471,1,34,3904,2
4472,3,21,2787,5
4473,3,14,2198,1
4474,3,43,2278,2
4475,2,16,434,5
4476,2,28,2807,0
4477,2,21,4766,2
4478,1,37,4043,1
4479,3,8,652,1
4480,3,11,929,1
4481,3,35,1338,2
4482,3,48,4067,4
4483,1,37,3034,1
4484,2,42,311,1
4485,2,28,2318,1
4486,3,39,2029,3
4487,1,50,1437,3
4488,2,46,4170,1
4489,1,45,4636,5
4490,1,34,4614,2
4491,1,20,3808,5
4492,1,50,944,3
4493,2,31,2549,1
4494,3,25,1970,0
4495,3,21,128,4
4496,3,47,3985,0
4497,2,7,3778,1
4498,2,33,2888,5
4499,1,37,1963,1
4500,2,31,1146,1
4501,1,34,2175,4
4502,1,43,3333,1
4503,2,12,198,2
4504,1,36,3470,5
4505,2,9,2954,5
4506,1,23,4386,2
4507,3,5,3715,1
4508,1,19,1578,4
4509,2,48,1059,2
4510,2,44,1809,1
4511,2,21,4356,2
4512,1,33,3273,0
4513,3,39,1922,3
4514,3,7,2489,0
4515,1,45,249,2
4516,2,27,2876,5
4517,3,45,4024,0
4518,1,10,2203,0
4519,3,7,1834,0
4520,1,15,3949,3
4521,2,35,3936,0
4522,1,28,684,4
4523,2,39,381,2
4524,2,30,1508,3
4525,2,9,2667,3
4526,2,7,1765,4
4527,1,24,3751,1
4528,1,23,1519,3
4529,3,17,3013,2
4530,2,8,4841,4
4531,3,39,3274,3
4532,3,27,2096,1
4533,2,38,3369,0
4534,2,29,3787,1
4535,1,31,3826,3
4536,1,33,1189,4
4537,1,34,4273,4
4538,1,38,3249,3
4539,1,31,289,4
4540,3,16,1783,2
4541,2,10,1653,2
4542,1,12,4704,2
4543,1,47,4176,4
4544,2,15,3343,2
4545,1,5,3810,0
4546,3,36,3985,2
4547,3,6,4272,5
4548,1,15,1235,1
4549,1,36,4066,5
4550,1,25,4680,4
4551,1,32,4913,3
4552,1,28,2451,2
4553,1,29,3522,1
4554,1,19,4033,3
4555,1,23,948,1
4556,2,5,1791,3
4557,2,19,631,3
4558,3,26,3521,0
4559,1,24,1300,1
4560,2,18,4983,2
4561,2,47,822,4
4562,3,5,1301,0
4563,1,28,4987,3
4564,3,19,3138,4
4565,1,19,3417,1
4566,1,48,4004,1
4567,1,14,4320,0
4568,2,39,2204,1
4569,3,7,3108,5
4570,3,8,1579,2
4571,1,25,4011,5
4572,1,15,4689,3
4573,2,13,4128,2
4574,2,13,1106,0
4575,1,50,105,4
4576,3,7,741,4
4577,1,18,257,1
4578,1,49,2752,2
4579,2,28,1488,2
4580,3,14,4120,0
4581,2,36,3592,3
4582,2,42,1958,0
4583,2,10,4013,5
4584,2,18,4942,5
4585,3,7,4372,4
4586,2,36,325,5
4587,2,5,2973,3
4588,2,31,2739,3
4589,1,25,4346,4
4590,3,6,260,0
4591,2,31,3377,5
4592,3,21,3879,4
4593,2,24,453,1
4594,3,10,4663,5
4595,3,36,1542,2
4596,1,25,2138,5
4597,3,32,1339,4
4598,1,23,3609,5
4599,3,17,180,1
4600,1,45,4134,2
4601,3,31,2602,4
4602,3,36,2969,2
4603,2,42,1219,2
4604,3,35,2367,2
4605,2,25,1889,1
4606,2,23,2249,1
4607,1,23,2765,4
4608,1,13,1840,2
4609,2,30,3786,3
4610,2,7,2951,3
4611,1,42,4949,0
4612,2,31,1588,5
4613,2,50,2502,0
4614,1,17,182,4
4615,1,27,422,0
4616,1,12,2924,0
4617,1,5,294,3
4618,1,40,4614,5
4619,3,11,585,4
4620,3,31,4320,2
4621,3,30,2216,4
4622,1,28,234,1
4623,1,25,4890,1
4624,1,16,138,2
4625,2,25,4617,2
4626,1,42,782,5
4627,3,37,2391,5
4628,2,16,700,2
4629,1,48,4555,5
4630,2,10,204,5
4631,2,18,454,1
4632,3,29,2310,0
4633,3,46,649,5
4634,1,46,4861,4
4635,3,10,2011,0
4636,3,16,2166,4
4637,2,41,2704,3
4638,3,5,4729,4
4639,2,45,4164,2
4640,2,31,1431,2
4641,3,45,3697,5
4642,2,45,1422,2
4643,3,50,1885,0
4644,2,5,2224,3
4645,3,43,4417,2
4646,2,30,1294,2
4647,3,30,2456,2
4648,1,39,733,2
4649,1,36,3658,2
4650,3,30,2088,2
4651,2,38,3569,4
4652,1,17,1598,4
4653,1,46,4884,1
4654,2,21,3023,2
4655,3,18,3741,0
4656,1,43,2812,4
4657,2,32,3658,5
4658,1,37,4280,3
4659,2,16,1310,4
4660,1,22,1817,4
4661,1,22,1145,2
4662,1,29,4940,1
4663,2,21,3076,5
4664,1,8,882,3
4665,1,41,2348,3
4666,1,6,4560,2
4667,3,47,3912,1
4668,3,7,4418,2
4669,1,8,3209,3
4670,3,30,2951,3
4671,3,14,2718,1
4672,3,22,184,4
4673,2,35,2919,2
4674,1,17,3716,2
4675,1,19,4599,2
4676,3,40,767,2
4677,2,12,1133,4
4678,1,21,3066,0
4679,1,18,1832,1
4680,3,7,3023,0
4681,3,36,3572,1
4682,2,50,4890,5
4683,2,10,1770,1
4684,3,36,2964,4
4685,2,17,239,2
4686,3,44,4873,3
4687,3,14,4769,2
4688,1,9,3981,2
4689,2,11,1792,0
4690,1,30,3176,5
4691,1,35,1709,5
4692,1,9,1144,4
4693,3,27,194,0
4694,2,28,1626,5
4695,3,14,3108,3
4696,1,26,540,5
4697,3,14,4010,5
4698,3,43,573,5
4699,3,10,3397,0
4700,1,41,2183,4
4701,1,18,2100,2
4702,3,50,149,0
4703,1,45,440,3
4704,1,44,3156,5
4705,3,49,3000,5
4706,1,11,635,2
4707,3,34,2259,3
4708,2,5,3861,1
4709,3,5,4777,1
4710,1,14,1910,5
4711,2,34,3397,1
4712,3,33,4400,5
4713,2,47,483,0
4714,3,28,2661,4
4715,3,8,2917,4
4716,3,44,284,2
4717,2,47,1331,3
4718,1,42,1267,2
4719,3,44,2724,0
4720,1,21,1382,5
4721,3,24,3877,5
4722,2,17,4848,2
4723,2,36,2485,0
4724,2,13,684,4
4725,2,49,4153,1
4726,2,43,1930,4
4727,3,49,2680,1
4728,1,21,820,4
4729,3,17,3490,0
4730,3,23,2032,3
4731,2,5,864,1
4732,1,29,841,1
4733,1,15,4825,1
4734,3,50,3166,0
4735,2,24,2071,1
4736,3,23,4687,0
4737,3,38,3647,5
4738,2,11,2050,5
4739,3,31,2915,2
4740,1,50,2347,1
4741,3,19,4822,1
4742,2,12,604,5
4743,2,38,4454,1
4744,2,28,4974,2
4745,3,12,4248,4
4746,1,32,4644,3
4747,1,38,1684,0
4748,2,20,2433,4
4749,2,28,243,0
4750,3,15,1987,2
4751,2,47,468,1
4752,3,18,3181,4
4753,3,43,3752,4
4754,2,19,496,2
4755,1,33,1738,2
4756,1,46,3931,4
4757,3,5,4611,2
4758,2,38,4008,2
4759,1,15,2534,4
4760,3,37,4720,5
4761,1,11,3590,1
4762,3,45,388,3
4763,3,13,4599,1
4764,2,34,4776,4
4765,1,32,1852,4
4766,1,26,3874,1
4767,1,48,3363,5
4768,3,31,4228,1
4769,2,14,446,1
4770,2,38,4275,4
4771,2,11,2579,5
4772,3,21,3511,0
4773,3,7,3381,3
4774,3,43,559,1
4775,1,7,3302,0
4776,2,22,2917,2
4777,3,43,2961,2
4778,3,12,1098,4
4779,1,41,1451,3
4780,1,20,3135,3
4781,1,39,1222,4
4782,2,14,4837,5
4783,2,47,3425,4
4784,1,10,972,1
4785,3,26,2101,5
4786,3,21,3765,1
4787,3,39,2054,4
4788,3,29,3020,1
4789,2,40,3912,5
4790,3,6,4299,4
4791,3,9,1464,2
4792,1,36,4621,0
4793,1,41,1049,1
4794,3,22,3876,2
4795,3,8,847,3
4796,2,7,1531,5
4797,1,6,2480,4
4798,2,12,4016,3
4799,1,14,904,1
4800,2,28,2676,4
4801,3,50,702,3
4802,3,6,4759,5
4803,3,35,954,2
4804,1,38,675,3
4805,1,38,4607,1
4806,1,45,2518,1
4807,2,25,203,4
4808,1,8,1171,1
4809,1,21,3422,2
4810,3,18,1253,2
4811,3,30,1998,4
4812,2,48,1996,3
4813,2,8,3976,2
4814,3,34,3657,1
4815,3,43,695,1
4816,3,37,2732,5
4817,2,41,2726,3
4818,2,34,3751,3
4819,1,37,219,3
4820,3,46,1207,2
4821,3,12,4349,3
4822,2,38,982,3
4823,3,24,4224,4
4824,1,21,3464,1
4825,3,10,4485,3
4826,2,5,673,4
4827,1,33,4703,5
4828,2,34,2092,1
4829,2,8,2837,5
4830,3,16,4896,3
4831,3,6,2284,5
4832,1,32,114,5
4833,1,50,1585,4
4834,1,16,350,0
4835,3,16,4432,1
4836,1,47,1580,1
4837,3,47,2773,2
4838,3,17,2092,1
4839,1,36,1398,3
4840,1,14,3312,3
4841,2,9,4948,5
4842,3,45,3425,5
4843,3,39,2640,3
4844,3,48,4810,4
4845,3,11,1939,5
4846,2,23,3637,4
4847,3,21,1324,1
4848,2,20,3625,0
4849,1,47,2217,3
4850,1,37,628,4
4851,3,46,364,2
4852,3,12,3104,4
4853,2,37,186,2
4854,3,35,2511,0
4855,3,10,2875,0
4856,2,40,3438,5
4857,2,42,2689,0
4858,2,17,1867,5
4859,2,9,573,5
4860,3,47,3344,3
4861,1,9,4053,3
4862,1,28,4749,4
4863,3,12,4282,5
4864,2,49,3306,0
4865,1,43,4554,4
4866,3,25,1421,5
4867,3,5,1390,5
4868,3,23,4489,4
4869,3,13,953,5
4870,1,13,1815,1
4871,3,16,757,3
4872,1,44,4799,0
4873,3,47,1911,5
4874,2,6,1941,4
4875,1,32,685,3
4876,1,42,275,2
4877,2,18,4820,5
4878,2,26,2902,0
4879,2,16,3151,5
4880,2,9,2733,0
4881,3,30,1021,2
4882,3,31,4261,0
4883,3,32,618,1
4884,3,29,2681,2
4885,2,12,1206,1
4886,1,13,3855,5
4887,1,21,3764,5
4888,2,11,761,5
4889,1,24,1495,0
4890,1,34,4174,0
4891,3,28,2946,0
4892,2,34,4491,3
4893,2,25,2131,1
4894,1,37,770,3
4895,3,37,3919,2
4896,3,33,2363,2
4897,2,33,554,1
4898,1,27,672,1
4899,1,15,4656,3
4900,1,36,930,2
4901,2,9,2928,5
4902,1,30,1011,5
4903,3,35,3674,3
4904,3,5,2870,5
4905,2,30,1111,4
4906,3,15,4258,1
4907,1,35,4999,1
4908,3,22,1800,3
4909,3,50,1262,1
4910,1,7,826,5
4911,2,41,3567,5
4912,1,29,3050,1
4913,1,41,3997,5
4914,2,44,3396,0
4915,2,34,860,4
4916,2,18,1778,0
4917,1,22,3903,2
4918,1,22,174,1
4919,3,31,4504,5
4920,3,33,3095,5
4921,2,23,3088,1
4922,2,41,211,5
4923,1,23,320,3
4924,2,16,828,3
4925,3,33,3103,4
4926,1,30,3098,5
4927,3,15,2305,4
4928,3,43,555,1
4929,3,35,1746,1
4930,3,34,4956,3
4931,3,11,3609,0
4932,1,38,2179,4
4933,3,28,3635,2
4934,3,44,4320,1
4935,2,25,1132,5
4936,2,16,4075,4
4937,2,33,4462,4
4938,2,45,3867,3
4939,1,35,1777,5
4940,1,8,1458,1
4941,1,46,4150,0
4942,3,32,4205,4
4943,1,28,2594,2
4944,2,16,1225,5
4945,2,18,886,2
4946,1,6,3416,3
4947,1,12,2592,5
4948,2,35,4730,4
4949,1,31,806,2
4950,3,34,3767,3
4951,3,10,2362,5
4952,1,46,2541,3
4953,2,27,253,3
4954,2,10,4970,4
4955,2,39,801,5
4956,2,50,3774,5
4957,1,12,1428,3
4958,1,12,251,2
4959,3,6,4782,3
4960,1,40,1513,3
4961,3,15,3949,1
4962,3,34,1349,1
4963,2,14,1226,2
4964,2,37,3390,0
4965,3,31,490,4
4966,3,48,363,1
4967,2,11,3756,2
4968,1,30,1959,0
4969,1,34,1598,5
4970,2,18,3338,1
4971,2,16,4363,0
4972,3,24,780,3
4973,1,33,583,5
4974,3,21,823,2
4975,3,35,1200,1
4976,3,19,3047,4
4977,1,32,3750,1
4978,1,36,2497,3
4979,3,36,4070,5
4980,2,42,3436,0
4981,2,26,3708,1
4982,2,47,514,4
4983,3,41,3985,3
4984,3,28,818,4
4985,3,32,1996,0
4986,1,13,1619,3
4987,1,21,3576,0
4988,3,29,3898,1
4989,1,42,285,0
4990,3,23,3902,2
4991,1,11,1285,3
4992,2,19,1377,5
4993,3,49,4561,5
4994,1,26,167,2
4995,3,6,850,4
4996,3,13,3003,0
4997,2,23,165,5
4998,3,33,1603,3
4999,3,8,3672,1
5000,3,25,2043,2
